acc_x,acc_y,acc_z,gyro_x,gyro_y,gyro_z,mag_x,mag_y,mag_z,w,linear_vel_x,linear_vel_y,angular_vel_z,orientation,latitude,longitude,altitude
-0.04025,0.05267,0.991033,-0.11521,0.001065,0.0,-0.0,-0.088023,0.186825,9.97715,0.0,0.0,0.0,1.0,-30.06184124,-51.175915241,31.6306
-0.040149,0.05267,0.991134,-0.115243,0.0,0.0,0.001065,-0.01976,0.127544,10.056191,0.0,0.0,0.0,1.0,-30.061841177,-51.175915292,31.6373
-0.040149,0.05267,0.9911,-0.115344,0.001065,0.0,-0.0,-0.127544,0.167064,10.007689,0.0,0.0,0.0,1.0,-30.061841183,-51.175915308,31.631
-0.040182,0.05267,0.9911,-0.115344,0.002131,0.0,-0.0,0.098801,0.079041,10.065173,0.0,0.0,0.0,1.0,-30.06184119,-51.175915306,31.6324
-0.040216,0.05267,0.9911,-0.115445,0.002131,0.0,0.001065,-0.068263,0.246105,10.007689,0.0,0.0,0.0,1.0,-30.061841206,-51.175915315,31.6368
-0.04025,0.052603,0.9911,-0.115478,0.001065,0.0,-0.0,0.059281,0.127544,10.163975,0.0,0.0,0.0,1.0,-30.061841194,-51.175915311,31.641
-0.040317,0.052704,0.991066,-0.115579,0.001065,0.001065,-0.0,-0.127544,0.195807,9.968168,0.0,0.0,0.0,1.0,-30.061841199,-51.175915274,31.6352
-0.04035,0.05267,0.991066,-0.115747,0.002131,0.001065,-0.0,-0.167064,0.167064,10.065173,0.0,0.0,0.0,1.0,-30.061841201,-51.175915287,31.6358
-0.040451,0.052737,0.991033,-0.115781,0.002131,0.0,-0.001065,-0.147304,0.226345,10.084933,0.0,0.0,0.0,1.0,-30.061841211,-51.175915251,31.6329
-0.040417,0.052637,0.990966,-0.115881,0.002131,-0.001065,-0.0,-0.118562,0.039521,10.135232,0.0,0.0,0.0,1.0,-30.061841205,-51.17591526,31.628
-0.040451,0.052536,0.990966,-0.115881,0.0,0.0,-0.0,-0.088023,0.039521,10.056191,0.0,0.0,0.0,1.0,-30.061841242,-51.175915261,31.6328
-0.040283,0.052536,0.991033,-0.115948,0.0,0.0,-0.0,-0.088023,0.176046,10.095712,0.0,0.0,0.0,1.0,-30.061841224,-51.175915261,31.6311
-0.040317,0.052502,0.991033,-0.115948,0.0,-0.001065,-0.0,-0.098801,0.118562,10.036431,0.0,0.0,0.0,1.0,-30.06184124,-51.175915246,31.6275
-0.039947,0.052536,0.990966,-0.115982,0.002131,0.001065,0.001065,-0.118562,0.039521,10.016671,0.0,0.0,0.0,1.0,-30.061841211,-51.175915278,31.6254
-0.039981,0.052502,0.990999,-0.116049,0.001065,0.001065,0.001065,-0.107783,0.136526,10.203495,0.0,0.0,0.0,1.0,-30.061841206,-51.175915286,31.6261
-0.040115,0.052435,0.991033,-0.116083,0.001065,0.0,-0.0,-0.167064,0.068263,10.084933,0.0,0.0,0.0,1.0,-30.061841213,-51.175915269,31.6313
-0.040115,0.052469,0.991033,-0.11615,0.001065,0.001065,-0.0,-0.028742,0.167064,10.056191,0.0,0.0,0.0,1.0,-30.061841208,-51.175915293,31.6384
-0.040182,0.052469,0.991033,-0.116083,0.001065,0.001065,-0.0,-0.088023,0.235327,10.075952,0.0,0.0,0.0,1.0,-30.061841219,-51.175915281,31.6421
-0.040317,0.052435,0.991033,-0.116116,0.001065,0.0,-0.001065,-0.136526,0.048503,10.036431,0.0,0.0,0.0,1.0,-30.061841231,-51.175915244,31.6394
-0.040182,0.052435,0.990966,-0.116116,0.002131,-0.001065,0.001065,-0.167064,-0.079041,10.095712,0.0,0.0,0.0,1.0,-30.061841227,-51.175915259,31.6399
-0.040182,0.052939,0.990966,-0.116183,-0.007457,0.001065,-0.009587,0.048503,0.844303,10.163975,0.004,0.0,0.0,1.0,-30.061841214,-51.175915266,31.6429
-0.03988,0.053274,0.990899,-0.116452,0.009587,-0.003196,0.002131,-0.039521,0.206585,9.987928,0.02,0.0,0.0,1.0,-30.061841216,-51.17591527,31.6443
-0.039813,0.054349,0.990831,-0.116418,0.002131,-0.002131,0.002131,-0.088023,0.30359,10.192717,0.049,0.0,0.0,1.0,-30.061841226,-51.175915261,31.6466
-0.039511,0.054953,0.990899,-0.116485,0.025566,-0.001065,-0.007457,0.167064,-0.461672,10.007689,0.09,0.0,0.0,1.0,-30.061841204,-51.175915258,31.6355
-0.039444,0.055255,0.990899,-0.116217,-0.041545,-0.008522,-0.015979,-0.028742,0.127544,10.135232,0.142,0.0,0.0,1.0,-30.061841212,-51.175915239,31.6306
-0.038773,0.054282,0.990932,-0.116553,-0.013848,0.019175,0.015979,0.666461,0.167064,10.084933,0.207,0.0,0.0,1.0,-30.061841219,-51.175915285,31.6324
-0.038705,0.049951,0.991234,-0.116016,0.017044,0.0,0.002131,-0.314368,-1.717349,10.115472,0.372,0.0,0.0,1.0,-30.061841226,-51.175915248,31.6242
-0.03894,0.047769,0.991503,-0.114606,0.090548,-0.011718,-0.027697,-1.295197,-1.952676,9.26039,0.471,-0.001,0.0,1.0,-30.061841237,-51.175915264,31.627
-0.039712,0.046057,0.991771,-0.112726,-0.017044,0.014914,0.009587,1.147893,-0.617958,9.594519,0.581,-0.001,-0.008918,0.99996,-30.061841224,-51.175915254,31.6233
-0.039545,0.048004,0.991704,-0.112524,0.071373,0.010653,-0.007457,-0.71676,-0.373649,9.427455,0.691,-0.001,0.0,1.0,-30.061841262,-51.175915261,31.6378
-0.042163,0.050287,0.991436,-0.112256,0.107592,0.059655,0.042611,3.217334,-3.168832,11.635218,0.801,-0.001,0.0,1.0,-30.061841412,-51.17591526,31.6407
-0.043271,0.054987,0.991335,-0.111282,-0.025566,-0.09907,-0.050067,-2.374828,2.766441,9.044824,0.911,-0.001,0.0,1.0,-30.061841649,-51.175915241,31.6366
-0.040619,0.053744,0.99157,-0.110611,0.076699,-0.023436,-0.02024,-0.765262,-0.873046,9.163385,1.021,-0.001,0.0,1.0,-30.061842052,-51.175915198,31.6377
-0.040216,0.054483,0.991503,-0.111182,0.023436,-0.01811,0.002131,-0.28383,0.098801,10.507085,1.131,-0.001,0.0,1.0,-30.061842578,-51.175915098,31.6423
-0.039578,0.057538,0.991402,-0.110544,0.084156,0.013848,0.029827,0.578438,-0.785022,7.23047,1.24,-0.001,0.0,1.0,-30.061843089,-51.175915158,31.6387
-0.039746,0.0617,0.991033,-0.111719,-0.082025,0.05859,0.008522,-0.941308,2.687399,9.565777,1.35,-0.001,0.0,1.0,-30.061843763,-51.175915148,31.6482
-0.038068,0.057269,0.991234,-0.110913,0.0,0.001065,0.02024,0.039521,-0.461672,9.407694,1.46,-0.001,0.0,1.0,-30.061844589,-51.175915098,31.6215
-0.036356,0.053476,0.991738,-0.110376,0.070308,-0.01811,-0.001065,0.34311,-1.266455,10.291518,1.57,-0.001,0.0,1.0,-30.061845502,-51.175915064,31.6348
-0.036456,0.052469,0.991671,-0.110745,-0.076699,-0.033023,-0.001065,0.353889,3.590984,9.889127,1.68,-0.001,0.0,1.0,-30.061846411,-51.175915189,31.6338
-0.03602,0.055624,0.99157,-0.110544,0.082025,0.001065,-0.010653,0.519157,0.068263,9.605297,1.79,-0.001,0.0,1.0,-30.061847301,-51.175915112,31.6197
-0.034174,0.049112,0.992006,-0.11098,0.0,-0.011718,0.005326,0.813765,-2.295786,9.840624,1.9,-0.001,0.0,1.0,-30.061848207,-51.175915114,31.636
-0.031924,0.044614,0.992309,-0.11098,-0.093743,-0.008522,0.037284,1.314957,1.726331,10.232237,2.01,-0.001,0.0,1.0,-30.061849082,-51.17591511,31.6301
-0.032394,0.042432,0.992443,-0.11051,0.029827,-0.009587,0.01811,-0.373649,-6.425687,11.380131,2.12,-0.001,0.0,1.0,-30.061850016,-51.175915062,31.6446
-0.033166,0.049582,0.992309,-0.108563,0.208792,-0.037284,-0.045806,-0.932326,-1.295197,11.05678,2.23,-0.001,-0.008918,0.99996,-30.061850958,-51.175915118,31.6419
-0.033569,0.056262,0.992074,-0.107153,-0.036219,0.036219,-0.017044,-0.008982,1.029331,10.095712,2.339,-0.001,0.0,1.0,-30.061851798,-51.175915047,31.6344
-0.038168,0.056094,0.99204,-0.10618,-0.280165,0.066046,-0.041545,0.470654,2.678417,10.350799,2.559,-0.001,0.0,1.0,-30.061853665,-51.175915066,31.648
-0.040485,0.047333,0.992409,-0.105911,-0.009587,0.014914,-0.008522,-0.558677,-1.196396,10.605887,2.669,-0.001,0.0,1.0,-30.061854672,-51.175914997,31.622
-0.042969,0.044815,0.992476,-0.105374,-0.002131,-0.009587,0.023436,-0.167064,0.873046,9.662782,2.779,-0.001,0.0,1.0,-30.061855621,-51.175914983,31.6273
-0.042566,0.047198,0.992342,-0.105911,-0.010653,-0.015979,-0.011718,0.264069,3.001768,10.419062,2.889,-0.001,0.0,1.0,-30.061856559,-51.175914952,31.6486
-0.042331,0.047736,0.992376,-0.105575,-0.034088,-0.011718,-0.002131,0.745502,0.411373,9.526256,2.999,-0.001,0.0,1.0,-30.061857514,-51.175914965,31.632
-0.043204,0.050958,0.99204,-0.106079,0.02024,-0.009587,-0.005326,-0.637718,0.334129,10.478343,3.109,-0.001,0.0,1.0,-30.061858455,-51.175914927,31.6424
-0.040149,0.05163,0.992141,-0.105878,0.026632,-0.033023,-0.011718,1.02035,0.529935,10.025653,3.219,-0.001,0.0,1.0,-30.061859413,-51.17591492,31.6609
-0.039578,0.05126,0.992208,-0.10628,-0.107592,-0.008522,-0.011718,-0.912566,4.189181,10.340021,3.328,-0.001,0.0,1.0,-30.061860223,-51.175914862,31.6407
-0.039511,0.047467,0.992376,-0.106616,-0.155529,-0.019175,-0.01811,-0.32335,1.864653,10.880734,3.438,-0.001,-0.008918,0.99996,-30.061861103,-51.175914857,31.6234
-0.038303,0.047232,0.99251,-0.10581,0.03835,-0.02024,-0.009587,-2.913745,0.373649,10.135232,3.658,-0.001,0.0,1.0,-30.061862996,-51.175914958,31.6618
-0.039477,0.051428,0.992275,-0.10581,-0.035154,0.076699,0.026632,1.284419,-0.470654,9.134643,3.768,-0.001,0.0,1.0,-30.061863851,-51.175915008,31.6316
-0.039813,0.052502,0.992342,-0.104501,0.057524,-0.026632,0.011718,0.980829,-0.833525,10.291518,3.878,-0.001,0.0,1.0,-30.061864862,-51.175915085,31.6456
-0.038907,0.053845,0.992476,-0.102991,-0.07883,0.013848,-0.008522,-0.824543,2.766441,10.408284,3.988,-0.002,-0.008918,0.99996,-30.061865707,-51.175915013,31.6537
-0.0427,0.04834,0.99251,-0.103863,0.07883,-0.022371,0.024501,-3.305358,0.745502,8.712492,4.098,-0.002,0.0,1.0,-30.06186666,-51.175915001,31.6342
-0.045251,0.045789,0.992376,-0.104199,0.090548,-0.034088,0.011718,-5.513121,-3.738288,11.665757,4.208,-0.002,0.0,1.0,-30.061867619,-51.17591502,31.6636
-0.044614,0.047266,0.992409,-0.103964,0.010653,-0.005326,-0.010653,-1.521542,-1.393999,9.898109,4.318,-0.002,0.0,1.0,-30.061868545,-51.175914948,31.653
-0.044345,0.048105,0.992342,-0.104904,0.041545,-0.001065,0.015979,-0.892806,-0.039521,9.319671,4.428,-0.002,0.0,1.0,-30.061869483,-51.175914967,31.6408
-0.043439,0.049683,0.992275,-0.104938,-0.061785,0.013848,0.003196,-1.176635,2.11974,11.507674,4.538,-0.002,-0.008918,0.99996,-30.061870473,-51.175914961,31.6658
-0.041022,0.047031,0.992543,-0.10477,0.042611,0.014914,-0.001065,0.725742,-1.629326,9.574759,4.648,-0.002,-0.008918,0.99996,-30.061871361,-51.175914905,31.6619
-0.040149,0.044781,0.992678,-0.10487,0.013848,-0.008522,-0.017044,0.294608,1.284419,9.820864,4.758,-0.002,-0.008918,0.99996,-30.061872249,-51.175914934,31.6441
-0.038739,0.046091,0.992812,-0.103326,-0.001065,0.034088,0.013848,0.411373,2.227524,10.498103,4.867,-0.002,-0.008918,0.99996,-30.061873145,-51.17591501,31.6461
-0.041223,0.047232,0.992711,-0.102991,0.046872,-0.014914,-0.024501,-2.188003,-0.481433,8.879556,4.977,-0.002,-0.008918,0.99996,-30.06187406,-51.175914926,31.6445
-0.043607,0.046426,0.992611,-0.103259,-0.009587,-0.070308,0.029827,-4.189181,-0.32335,10.790915,5.087,-0.002,-0.008918,0.99996,-30.061874943,-51.175915012,31.6512
-0.042734,0.046158,0.992543,-0.103528,-0.033023,0.015979,0.006392,1.323939,-0.490414,10.016671,5.197,-0.002,0.0,1.0,-30.061875903,-51.175915048,31.6592
-0.043103,0.042331,0.992644,-0.104166,0.015979,0.006392,0.049002,3.679007,1.844893,11.743001,5.307,-0.002,0.0,1.0,-30.061876895,-51.175915001,31.659
-0.041425,0.048071,0.992611,-0.103393,-0.034088,0.007457,0.023436,0.941308,4.160439,9.820864,5.417,-0.002,0.0,1.0,-30.06187776,-51.175915157,31.6689
-0.040787,0.048541,0.992543,-0.103427,-0.04048,-0.022371,0.005326,0.314368,0.785022,10.311279,5.527,-0.002,0.0,1.0,-30.061878683,-51.175915012,31.6624
-0.040317,0.047501,0.992644,-0.10383,0.033023,-0.025566,0.037284,-0.246105,-1.049092,9.310689,5.636,-0.002,0.00153,0.999999,-30.061879574,-51.175915003,31.6677
-0.038638,0.046225,0.991536,-0.115008,-0.074569,0.001065,0.224771,-1.029331,3.46344,11.243605,5.734,0.0,0.029831,0.999555,-30.061880526,-51.175915013,31.6573
-0.036859,0.046695,0.987206,-0.147906,-0.049002,0.005326,0.312123,0.71676,-1.501782,9.889127,5.821,0.009,0.070322,0.997524,-30.061881505,-51.175914882,31.6575
-0.033133,0.046661,0.981365,-0.18349,-0.034088,-0.05859,0.363255,-3.679007,0.549695,9.880145,5.894,0.022,0.109937,0.993939,-30.061882386,-51.175914996,31.6855
-0.029742,0.045654,0.974383,-0.218167,-0.024501,-0.036219,0.444216,-1.579027,2.285008,8.574169,5.955,0.038,0.150135,0.988665,-30.061883266,-51.175915061,31.6664
-0.024707,0.047299,0.966393,-0.251468,0.053263,0.03835,0.333428,2.324529,-3.522721,12.321439,6.003,0.055,0.189335,0.981913,-30.061884243,-51.17591501,31.6523
-0.022223,0.047836,0.956994,-0.285305,-0.085221,-0.057524,0.453803,1.374238,1.304179,9.97715,6.039,0.071,0.228236,0.973606,-30.061885125,-51.175915079,31.6771
-0.019202,0.049515,0.94652,-0.318237,0.006392,-0.029827,0.322775,-3.197574,0.147304,10.722652,6.063,0.084,0.266775,0.963759,-30.061886129,-51.175915033,31.6658
-0.014804,0.051327,0.935711,-0.348785,-0.067112,-0.063916,0.367516,2.667639,1.471243,9.880145,6.076,0.093,0.304892,0.952387,-30.061887018,-51.17591497,31.6681
-0.012421,0.054517,0.923491,-0.379602,0.054329,-0.043676,0.36219,-0.677239,-2.188003,10.370559,6.079,0.095,0.342527,0.939508,-30.06188795,-51.175914982,31.6668
-0.007956,0.057739,0.908922,-0.412869,0.054329,0.028762,0.278034,1.147893,-0.01976,10.575348,6.079,0.095,0.37962,0.925143,-30.061888824,-51.175915071,31.687
-0.005573,0.059082,0.894387,-0.443283,-0.010653,0.002131,0.448477,0.75628,-0.353889,10.311279,6.079,0.095,0.416112,0.909314,-30.061889704,-51.175914979,31.6629
-0.003055,0.061633,0.878979,-0.472454,0.008522,-0.017044,0.429302,0.136526,-0.127544,9.535238,6.079,0.095,0.451945,0.892046,-30.061890454,-51.175914895,31.6581
-0.000436,0.064654,0.863537,-0.500149,0.034088,0.02024,0.450607,2.196985,-0.008982,10.498103,6.079,0.095,0.487732,0.872993,-30.061890992,-51.175914748,31.6659
0.000537,0.064185,0.847759,-0.526501,-0.034088,0.028762,0.442085,-3.46344,1.893395,10.124454,6.079,0.095,0.522065,0.852906,-30.061891502,-51.175914603,31.6605
0.005438,0.064151,0.831209,-0.552249,-0.005326,0.031958,0.427171,-0.255087,-0.118562,10.104694,6.079,0.095,0.555571,0.831469,-30.061891894,-51.175914469,31.6599
0.009567,0.06546,0.812847,-0.578701,0.001065,0.057524,0.416519,3.571223,-0.901788,9.840624,6.079,0.095,0.588817,0.808266,-30.061892205,-51.175914314,31.6625
0.012085,0.066836,0.795357,-0.602334,-0.107592,0.01811,0.405866,-3.432901,3.797568,10.850196,6.079,0.095,0.620496,0.78421,-30.06189236,-51.175914171,31.6666
0.01665,0.065359,0.781057,-0.620998,-0.122505,-0.052198,0.313188,-4.591573,4.002357,11.125043,6.079,0.095,0.650612,0.75941,-30.061892434,-51.175914126,31.6672
0.021887,0.064822,0.761822,-0.644195,0.022371,-0.052198,0.394148,-4.473011,2.522132,10.124454,6.079,0.095,0.680859,0.732414,-30.061892384,-51.175914113,31.6664
0.025983,0.06499,0.744433,-0.664001,-0.001065,-0.03835,0.26099,-1.66705,0.32335,10.223255,6.079,0.096,0.707829,0.706384,-30.061892388,-51.175914076,31.6778
0.028836,0.070596,0.750307,-0.656683,0.003196,-0.005326,0.006392,-0.059281,0.490414,10.124454,6.078,0.129,0.715354,0.698763,-30.061892276,-51.175914041,31.6772
0.029474,0.074087,0.756048,-0.649633,-0.044741,-0.026632,0.008522,-0.294608,0.127544,10.467565,6.078,0.163,0.715888,0.698215,-30.061892251,-51.175914046,31.6747
0.030414,0.075229,0.762157,-0.642281,-0.011718,-0.007457,0.006392,0.391613,0.774244,10.007689,6.076,0.21,0.715888,0.698215,-30.061892241,-51.175914072,31.6715
0.029709,0.077881,0.768468,-0.634426,0.005326,-0.02024,-0.002131,-1.187414,0.853285,10.172957,6.075,0.268,0.715888,0.698215,-30.061892267,-51.175913986,31.6805
0.031723,0.077176,0.77488,-0.626571,0.043676,0.02024,0.02024,-0.481433,-0.883824,9.546016,6.073,0.339,0.715888,0.698215,-30.061892262,-51.175913983,31.6786
0.032092,0.079794,0.778741,-0.621401,-0.011718,0.002131,0.033023,1.088612,0.637718,10.702892,6.07,0.42,0.716422,0.697667,-30.061892222,-51.175913958,31.6831
0.031454,0.082547,0.78391,-0.614587,0.041545,0.025566,-0.02024,0.785022,0.73652,10.359781,6.067,0.514,0.716422,0.697667,-30.061892243,-51.175914007,31.6898
0.028702,0.087213,0.789584,-0.606732,-0.082025,0.001065,0.002131,-0.519157,4.287983,11.223845,6.064,0.62,0.716955,0.697119,-30.061892215,-51.175913931,31.6924
0.029507,0.089731,0.795223,-0.599279,-0.019175,-0.034088,0.042611,0.470654,-0.932326,8.681953,6.061,0.73,0.716955,0.697119,-30.061892141,-51.175913987,31.6944
0.036792,0.085232,0.80479,-0.586254,-0.208792,0.068177,0.013848,1.422741,1.176635,9.625058,6.054,0.949,0.716955,0.697119,-30.061892124,-51.175913579,31.6854
0.042364,0.083285,0.810497,-0.578265,-0.02024,-0.013848,0.014914,2.227524,-0.334129,10.144214,6.05,1.059,0.716955,0.697119,-30.061892109,-51.17591323,31.6722
0.042297,0.082278,0.816103,-0.570443,0.005326,0.066046,-0.013848,-0.921548,0.558677,8.349621,6.047,1.169,0.716955,0.697119,-30.061892129,-51.175912735,31.6802
0.039343,0.084561,0.821004,-0.563259,0.088417,-0.076699,-0.118244,-0.264069,-1.501782,9.271169,6.044,1.278,0.716422,0.697667,-30.061892136,-51.175912198,31.6788
0.038202,0.088589,0.825066,-0.556478,0.093743,-0.036219,0.033023,0.901788,0.510175,9.565777,6.04,1.388,0.716955,0.697119,-30.061892184,-51.175911394,31.6847
0.034912,0.088153,0.830337,-0.548757,0.085221,0.002131,-0.054329,2.108962,-0.481433,9.457993,6.037,1.498,0.716422,0.697667,-30.061892147,-51.175910637,31.6832
0.032159,0.088388,0.834902,-0.542782,0.007457,0.046872,0.067112,1.354478,2.678417,8.809497,6.033,1.608,0.716422,0.697667,-30.061892174,-51.175909757,31.7008
0.032965,0.085736,0.839467,-0.536068,-0.034088,-0.015979,-0.023436,0.941308,-1.873635,10.212477,6.03,1.717,0.716955,0.697119,-30.061892136,-51.175908732,31.7068
0.03226,0.08107,0.843664,-0.530227,-0.029827,-0.01811,0.017044,-3.129311,1.246695,9.114883,6.026,1.827,0.716955,0.697119,-30.06189216,-51.175907682,31.6988
0.031689,0.079089,0.852627,-0.515557,0.08096,-0.074569,0.028762,-1.765851,-1.266455,9.948408,6.019,2.047,0.716955,0.697119,-30.061892219,-51.175905432,31.6848
0.031757,0.081775,0.856017,-0.509448,0.06072,0.034088,-0.009587,0.696999,0.079041,9.662782,6.016,2.156,0.716955,0.697119,-30.061892202,-51.175904222,31.6864
0.033536,0.078686,0.859609,-0.503707,0.011718,-0.069242,-0.017044,0.519157,-1.235916,10.566366,6.012,2.266,0.716422,0.697667,-30.06189218,-51.175903229,31.6815
0.034341,0.07919,0.862697,-0.498303,-0.025566,-0.052198,-0.028762,-5.033485,0.991607,11.371149,6.009,2.376,0.716955,0.697119,-30.061892181,-51.175902287,31.6944
0.033939,0.082043,0.865249,-0.493402,0.084156,-0.077764,-0.028762,-0.549695,0.235327,8.653211,6.005,2.486,0.716955,0.697119,-30.061892143,-51.175901283,31.6783
0.034543,0.0853,0.867934,-0.488098,-0.003196,0.023436,0.024501,1.952676,2.188003,9.427455,6.002,2.596,0.716955,0.697119,-30.061892161,-51.175900299,31.6859
0.036993,0.082312,0.871425,-0.482659,0.024501,0.049002,0.015979,3.855053,-1.579027,11.390909,5.999,2.706,0.716955,0.697119,-30.061892233,-51.175899197,31.6663
0.036993,0.083151,0.874212,-0.47749,-0.024501,0.019175,0.022371,0.039521,1.108373,9.535238,5.995,2.815,0.716955,0.697119,-30.061892276,-51.175898077,31.69
0.038068,0.082345,0.876461,-0.472824,-0.001065,0.008522,0.013848,0.901788,0.932326,11.193306,5.992,2.925,0.716955,0.697119,-30.061892311,-51.175896923,31.6842
0.03555,0.082211,0.881966,-0.462719,-0.057524,0.001065,-0.049002,2.020939,3.80655,12.086112,5.985,3.145,0.716955,0.697119,-30.061892318,-51.17589487,31.6845
0.036456,0.082077,0.88492,-0.457012,-0.103331,0.008522,-0.106527,-1.147893,2.559856,11.193306,5.981,3.254,0.716955,0.697119,-30.061892307,-51.175893875,31.6681
0.039075,0.07778,0.886699,-0.454058,-0.105461,0.095874,0.062851,4.149661,-0.206585,10.517863,5.978,3.364,0.716955,0.697119,-30.061892287,-51.175892647,31.6772
0.038135,0.074625,0.888881,-0.450399,0.08096,0.046872,0.011718,-0.088023,-0.156286,9.713081,5.974,3.474,0.716955,0.697119,-30.061892317,-51.175891624,31.7102
0.036154,0.07825,0.890862,-0.446035,0.063916,-0.025566,-0.087352,-2.638897,0.980829,8.849017,5.971,3.584,0.716422,0.697667,-30.06189225,-51.175890632,31.7044
0.037262,0.077042,0.891768,-0.444357,0.112918,0.003196,0.135289,0.813765,-3.032306,9.790325,5.967,3.688,0.725434,0.688292,-30.06189228,-51.175889535,31.6928
0.03884,0.075464,0.88294,-0.461746,-0.105461,-0.06072,0.36006,-0.107783,2.020939,9.192128,5.959,3.781,0.751224,0.660047,-30.061892304,-51.17588842,31.6956
0.043741,0.066836,0.868304,-0.489541,-0.086286,0.046872,0.269512,-1.108373,3.384399,9.752601,5.945,3.86,0.77688,0.629649,-30.061892344,-51.175887377,31.676
0.046527,0.067541,0.854406,-0.513677,0.0,0.033023,0.396279,1.431723,-2.70716,8.191538,5.928,3.927,0.801306,0.598255,-30.061892204,-51.175886398,31.6835
0.048843,0.062472,0.822146,-0.563729,-0.026632,-0.045806,0.367516,-4.747859,-1.649086,10.095712,5.891,4.022,0.847132,0.531382,-30.061892189,-51.175884264,31.7091
0.05173,0.062674,0.804824,-0.587933,0.046872,0.011718,0.307862,0.961069,-3.15985,11.155582,5.875,4.051,0.867214,0.497935,-30.061892274,-51.175883127,31.7107
0.053375,0.059988,0.788576,-0.609686,-0.12144,-0.051133,0.384561,-4.767619,1.932916,11.028038,5.864,4.07,0.885976,0.463731,-30.061892321,-51.175881955,31.7152
0.056866,0.057236,0.770986,-0.631741,0.116114,0.025566,0.278034,2.011957,-4.767619,10.370559,5.858,4.077,0.904045,0.427437,-30.061892309,-51.175880979,31.7051
0.058612,0.056061,0.752087,-0.654031,-0.02024,-0.024501,0.485761,0.853285,-0.32335,10.988518,5.858,4.077,0.920329,0.391146,-30.061892287,-51.175879928,31.6973
0.059753,0.054584,0.731676,-0.676824,-0.061785,0.014914,0.389887,0.118562,3.032306,8.840035,5.858,4.077,0.935156,0.354235,-30.061892338,-51.175879005,31.7064
0.062439,0.053107,0.711166,-0.698208,0.057524,0.089482,0.379234,2.933505,-4.571813,11.390909,5.858,4.077,0.948746,0.316039,-30.061892298,-51.175878054,31.7137
0.065057,0.051764,0.69146,-0.717611,-0.062851,-0.053263,0.36006,-4.09038,2.227524,10.841214,5.858,4.077,0.960351,0.278792,-30.061892271,-51.175877351,31.6893
0.069018,0.049985,0.669775,-0.738088,-0.062851,0.035154,0.462325,3.80655,0.785022,9.526256,5.858,4.077,0.970863,0.239636,-30.061892265,-51.175876713,31.7001
0.075732,0.044144,0.628115,-0.773168,0.007457,-0.005326,0.285491,1.334718,-1.119151,10.447804,5.858,4.077,0.986837,0.161718,-30.061892101,-51.175875896,31.7093
0.077579,0.042599,0.604952,-0.791329,-0.017044,0.025566,0.393083,2.44309,-1.088612,9.898109,5.858,4.077,0.992581,0.121585,-30.061891968,-51.175875652,31.7211
0.079626,0.039008,0.58048,-0.809423,-0.008522,-0.029827,0.358994,-0.353889,0.235327,10.595108,5.858,4.077,0.996631,0.082014,-30.061891883,-51.175875517,31.7292
0.081741,0.03743,0.558459,-0.82463,-0.053263,-0.028762,0.418649,0.617958,1.638308,9.378952,5.858,4.077,0.999104,0.042314,-30.061891877,-51.17587547,31.7263
0.084897,0.036792,0.535632,-0.839367,-0.002131,0.028762,0.309992,2.108962,-0.6467,10.790915,5.858,4.077,1.0,0.000251,-30.061891828,-51.175875538,31.7231
0.085602,0.036188,0.520458,-0.8488,0.007457,0.006392,0.093743,0.598198,0.844303,9.97715,5.853,4.077,0.999648,-0.026521,-30.061891798,-51.175875508,31.7269
0.083554,0.037262,0.527709,-0.844469,0.005326,0.001065,0.006392,-0.402391,-0.28383,10.320261,5.837,4.076,0.999607,-0.02805,-30.061891777,-51.175875538,31.7199
0.082379,0.039746,0.536068,-0.839568,0.008522,-0.005326,0.019175,-0.206585,0.28383,10.135232,5.808,4.074,0.999585,-0.028815,-30.061891784,-51.175875519,31.7244
0.081607,0.041122,0.54342,-0.834365,-0.023436,-0.011718,0.029827,0.353889,0.107783,9.810086,5.767,4.072,0.999585,-0.028815,-30.061891726,-51.175875508,31.7372
0.082715,0.044311,0.557015,-0.82557,-0.025566,-0.025566,-0.011718,-0.501193,2.001178,9.99691,5.651,4.064,0.99954,-0.030344,-30.061891688,-51.175875519,31.7294
0.083084,0.045386,0.564233,-0.820568,-0.010653,0.001065,0.009587,-0.30359,0.362871,10.045413,5.575,4.059,0.99954,-0.030344,-30.061891655,-51.175875569,31.7263
0.08577,0.043002,0.570544,-0.815398,-0.061785,-0.029827,-0.007457,-2.522132,-1.02035,9.497514,5.487,4.053,0.99954,-0.030344,-30.061891672,-51.175875582,31.7305
0.087347,0.044681,0.579104,-0.809826,-0.11931,0.053263,-0.027697,3.089791,2.522132,11.635218,5.387,4.046,0.99954,-0.030344,-30.061891669,-51.175875618,31.7123
0.087649,0.043707,0.586086,-0.80432,0.051133,-0.02024,-0.0,0.912566,0.068263,9.889127,5.278,4.039,0.99954,-0.030344,-30.061891683,-51.175875663,31.7032
0.083789,0.046158,0.593472,-0.799151,0.035154,0.008522,0.022371,-0.127544,-0.107783,8.908298,5.169,4.031,0.99954,-0.030344,-30.061891618,-51.175875699,31.6978
0.079022,0.049213,0.600051,-0.794518,0.054329,-0.01811,-0.017044,3.846071,-2.355067,10.702892,5.059,4.024,0.99954,-0.030344,-30.061891468,-51.175875673,31.7059
0.077142,0.049918,0.607,-0.789382,0.142746,-0.027697,-0.022371,-1.844893,-1.462261,8.760994,4.949,4.016,0.99954,-0.030344,-30.061891189,-51.175875692,31.6973
0.081003,0.049011,0.614385,-0.783306,0.006392,-0.029827,-0.017044,0.186825,-3.237095,10.291518,4.84,4.009,0.99954,-0.030344,-30.061890836,-51.17587567,31.699
0.081372,0.044714,0.627108,-0.773806,-0.104396,0.015979,-0.010653,-1.187414,1.266455,10.311279,4.621,3.994,0.99954,-0.030344,-30.061889796,-51.175875729,31.6779
0.079089,0.045721,0.632815,-0.768905,-0.089482,0.076699,0.022371,1.677828,-0.637718,10.104694,4.511,3.986,0.99954,-0.030344,-30.061889194,-51.175875741,31.691
0.076907,0.044815,0.638757,-0.764239,0.051133,0.013848,-0.01811,-0.098801,-1.402981,10.350799,4.401,3.979,0.99954,-0.030344,-30.061888333,-51.175875703,31.6717
0.074356,0.045453,0.644531,-0.759606,-0.055394,0.026632,-0.011718,0.373649,2.267044,11.428633,4.292,3.971,0.99954,-0.030344,-30.061887402,-51.175875683,31.6925
0.075397,0.04505,0.6497,-0.755108,-0.033023,-0.052198,-0.019175,-0.883824,0.853285,8.840035,4.182,3.964,0.99954,-0.030344,-30.061886509,-51.175875684,31.6947
0.077109,0.045554,0.654232,-0.750979,0.024501,-0.02024,-0.02024,0.048503,0.32335,9.810086,4.073,3.956,0.99954,-0.030344,-30.061885657,-51.175875614,31.7004
0.077243,0.044916,0.659066,-0.746749,0.015979,-0.002131,-0.0,-1.992197,-0.510175,9.722063,3.963,3.948,0.99954,-0.030344,-30.061884777,-51.175875664,31.7073
0.077579,0.046124,0.66437,-0.741915,-0.001065,-0.045806,-0.002131,-0.774244,-1.02035,9.968168,3.853,3.941,0.99954,-0.030344,-30.06188382,-51.175875612,31.7139
0.076303,0.048105,0.6687,-0.738055,-0.074569,0.011718,0.003196,-2.737698,0.666461,10.614869,3.744,3.933,0.99954,-0.030344,-30.061882812,-51.175875647,31.7029
0.077411,0.045822,0.677462,-0.730032,-0.019175,0.002131,-0.006392,-0.833525,-0.833525,10.163975,3.524,3.918,0.99954,-0.030344,-30.061880972,-51.175875651,31.6764
0.077646,0.044345,0.682632,-0.725265,0.031958,-0.023436,0.001065,-1.108373,-3.630504,9.69332,3.415,3.911,0.99954,-0.030344,-30.06188011,-51.175875568,31.6942
0.077948,0.04505,0.686828,-0.721136,-0.072438,0.077764,-0.009587,2.72692,-1.521542,9.928648,3.305,3.903,0.99954,-0.030344,-30.061879146,-51.175875524,31.702
0.074893,0.044311,0.69042,-0.71798,0.102265,-0.041545,-0.013848,-0.991607,-1.295197,9.752601,3.196,3.896,0.99954,-0.030344,-30.061878261,-51.175875561,31.7066
0.07251,0.045621,0.694079,-0.714758,0.04048,-0.017044,-0.014914,-0.941308,-0.980829,9.917869,3.086,3.888,0.99954,-0.030344,-30.061877327,-51.175875571,31.6873
0.07063,0.045285,0.697134,-0.712005,0.04048,0.003196,-0.033023,-0.824543,5.88677,8.486146,2.976,3.881,0.99954,-0.030344,-30.06187635,-51.175875517,31.7072
0.072476,0.042197,0.701263,-0.707943,-0.001065,0.026632,-0.008522,-0.470654,-3.177814,9.26039,2.867,3.873,0.999516,-0.031109,-30.06187539,-51.17587556,31.7201
0.071738,0.040082,0.704418,-0.705056,0.024501,0.02024,-0.015979,0.147304,-2.089202,10.408284,2.757,3.866,0.99954,-0.030344,-30.061874508,-51.175875589,31.6858
0.069522,0.043573,0.707977,-0.702001,0.14168,-0.010653,0.002131,1.068852,2.216745,11.782522,2.648,3.858,0.99954,-0.030344,-30.061873543,-51.175875561,31.6978
0.066467,0.038269,0.713549,-0.696899,-0.009587,0.015979,0.019175,0.274848,-0.765262,9.810086,2.428,3.843,0.99954,-0.030344,-30.061871666,-51.175875516,31.6848
0.066669,0.039108,0.716268,-0.694012,0.069242,0.005326,0.011718,0.34311,1.834114,9.820864,2.319,3.835,0.999516,-0.031109,-30.061870681,-51.175875559,31.6791
0.065594,0.039981,0.718484,-0.691796,-0.077764,-0.025566,0.009587,0.176046,2.599376,10.3005,2.209,3.828,0.999516,-0.031109,-30.061869775,-51.175875588,31.7017
0.068213,0.039612,0.720464,-0.68901,0.007457,-0.055394,-0.011718,-0.637718,0.098801,9.97715,2.099,3.82,0.99954,-0.030344,-30.061868887,-51.175875519,31.6687
0.070731,0.04129,0.722646,-0.686358,-0.025566,-0.033023,-0.010653,-0.980829,1.049092,10.007689,1.99,3.812,0.99954,-0.030344,-30.061868034,-51.175875495,31.6905
0.069723,0.045352,0.724291,-0.684444,-0.06072,-0.024501,-0.014914,-0.853285,2.38381,9.761583,1.88,3.805,0.99954,-0.030344,-30.061867057,-51.175875464,31.704
0.07167,0.045251,0.726305,-0.682128,-0.158725,-0.067112,0.002131,0.71676,-0.921548,11.538213,1.771,3.797,0.99954,-0.030344,-30.06186606,-51.175875408,31.6892
0.070865,0.046359,0.728286,-0.680013,-0.172573,-0.05859,-0.015979,-0.008982,3.619726,10.095712,1.661,3.79,0.99954,-0.030344,-30.061865198,-51.175875389,31.7003
0.074222,0.044748,0.730166,-0.677731,0.084156,0.003196,0.009587,0.481433,-2.610155,9.535238,1.551,3.782,0.99954,-0.030344,-30.061864364,-51.175875331,31.672
0.072812,0.048071,0.731408,-0.676321,0.014914,0.024501,0.025566,1.374238,-1.304179,11.910066,1.442,3.775,0.99954,-0.030344,-30.061863318,-51.175875226,31.6768
0.070898,0.049716,0.732818,-0.674877,0.086286,-0.011718,0.003196,-0.617958,-1.579027,8.152018,1.332,3.767,0.99954,-0.030344,-30.061862429,-51.175875279,31.6718
0.070563,0.050925,0.734933,-0.673064,-0.024501,-0.024501,-0.017044,-1.393999,0.235327,10.095712,1.222,3.76,0.99954,-0.030344,-30.061861548,-51.175875252,31.675
0.07157,0.047299,0.737048,-0.670379,-0.107592,0.009587,-0.015979,0.6467,2.717938,10.135232,1.113,3.752,0.99954,-0.030344,-30.061860601,-51.175875271,31.6832
0.07204,0.043103,0.73923,-0.668197,0.063916,0.015979,-0.002131,-0.519157,-0.156286,10.251998,1.003,3.745,0.99954,-0.030344,-30.061859623,-51.175875284,31.6753
0.069891,0.043204,0.741344,-0.666082,-0.128897,0.03835,0.025566,1.598787,2.236506,12.479521,0.894,3.737,0.999516,-0.031109,-30.061858704,-51.175875338,31.6726
0.067676,0.042633,0.742855,-0.664672,0.085221,-0.008522,-0.013848,-0.382631,-0.991607,9.546016,0.784,3.73,0.99954,-0.030344,-30.061857802,-51.175875367,31.6728
0.064218,0.043372,0.7445,-0.663027,0.027697,0.0,-0.011718,-0.098801,-0.167064,9.928648,0.674,3.722,0.999516,-0.031109,-30.061856952,-51.175875351,31.6718
0.062506,0.040552,0.74779,-0.659704,0.072438,-0.031958,-0.045806,-1.677828,0.569456,10.095712,0.565,3.715,0.99954,-0.030344,-30.061855986,-51.175875419,31.6844
0.06593,0.037833,0.749267,-0.657891,-0.019175,0.045806,-0.007457,1.521542,-4.09038,8.259801,0.455,3.707,0.99954,-0.030344,-30.061855091,-51.175875329,31.6824
0.066367,0.030917,0.752389,-0.655172,0.0,0.002131,0.013848,-0.980829,-0.705981,9.948408,0.236,3.692,0.99954,-0.030344,-30.061853322,-51.175875387,31.6678
0.067374,0.031454,0.754201,-0.652956,0.061785,0.008522,-0.007457,0.71676,-1.68681,9.546016,0.127,3.685,0.999607,-0.02805,-30.06185236,-51.175875346,31.689
0.066031,0.031555,0.764407,-0.640569,0.153398,0.08096,-0.245011,0.156286,-6.484968,9.035842,0.029,3.68,1.0,0.000251,-30.061851342,-51.175875374,31.6817
0.063144,0.034476,0.787066,-0.61264,0.061785,-0.049002,-0.444216,-3.542481,-1.902377,9.339432,-0.058,3.683,0.999072,0.043078,-30.061850439,-51.175875313,31.6685
0.06264,0.035516,0.804858,-0.589074,0.082025,0.06072,-0.368582,-1.422741,-7.476575,11.901084,-0.133,3.692,0.996568,0.082777,-30.061849478,-51.175875259,31.7014
0.059619,0.038,0.824865,-0.560909,0.049002,-0.043676,-0.36219,-1.737109,-1.737109,9.506496,-0.195,3.704,0.992488,0.122344,-30.061848656,-51.175875246,31.6803
0.057873,0.039612,0.845208,-0.529791,0.089482,0.049002,-0.336624,-1.805372,-5.376595,11.223845,-0.244,3.718,0.986837,0.161718,-30.061847761,-51.175875204,31.6759
0.054819,0.041055,0.863067,-0.500418,-0.054329,0.017044,-0.406931,1.77663,3.168832,8.505907,-0.281,3.732,0.979625,0.200836,-30.061846822,-51.17587515,31.7162
0.051562,0.039612,0.88106,-0.468493,0.029827,0.015979,-0.305731,-0.028742,-0.813765,9.840624,-0.307,3.744,0.970863,0.239636,-30.0618458,-51.175875094,31.689
0.048105,0.041693,0.910299,-0.409008,0.003196,0.010653,-0.263121,0.745502,1.323939,10.71367,-0.324,3.754,0.948988,0.315313,-30.061843934,-51.175875006,31.6885
0.044882,0.04223,0.924431,-0.376312,-0.019175,0.007457,-0.257794,-2.982007,-0.501193,10.095712,-0.324,3.754,0.935697,0.352804,-30.06184299,-51.175874973,31.6626
0.042398,0.045352,0.937691,-0.34281,0.002131,-0.031958,-0.464456,-0.382631,-0.402391,10.251998,-0.324,3.754,0.920628,0.390442,-30.061842185,-51.175874954,31.6739
0.040518,0.046863,0.948501,-0.31159,0.024501,-0.06072,-0.409062,-1.255677,-1.550285,10.163975,-0.324,3.754,0.904045,0.427437,-30.061841485,-51.175874816,31.6849
0.039008,0.048407,0.957195,-0.28262,-0.029827,0.03835,-0.423976,2.177225,1.196396,10.084933,-0.324,3.754,0.886331,0.463053,-30.0618409,-51.175874664,31.6876
0.036624,0.048776,0.966124,-0.250763,0.046872,-0.02024,-0.358994,1.147893,-1.176635,10.438822,-0.324,3.753,0.867214,0.497935,-30.061840397,-51.175874574,31.6969
0.034543,0.049246,0.973678,-0.219778,0.04048,-0.01811,-0.478304,-0.774244,-0.883824,10.251998,-0.324,3.753,0.846318,0.532678,-30.061839981,-51.175874408,31.691
0.030783,0.050052,0.980727,-0.18631,-0.077764,0.079895,-0.566721,1.226934,2.874224,9.242427,-0.324,3.754,0.824464,0.565914,-30.061839691,-51.175874278,31.6948
0.029373,0.051562,0.98583,-0.156936,0.017044,0.006392,-0.231163,5.062227,3.982597,11.762762,-0.324,3.753,0.801306,0.598255,-30.061839486,-51.175874173,31.6888
0.02605,0.051797,0.993483,-0.098224,0.022371,0.001065,-0.44315,1.794594,-0.34311,10.065173,-0.324,3.754,0.750719,0.660621,-30.061839409,-51.175874072,31.6912
0.023398,0.052402,0.996337,-0.066803,0.052198,0.015979,-0.374973,0.558677,0.794004,9.928648,-0.324,3.754,0.725961,0.687736,-30.06183942,-51.175874029,31.691
0.021484,0.053207,0.996572,-0.058746,0.006392,0.006392,0.025566,-0.490414,-0.079041,9.99691,-0.324,3.765,0.718553,0.695472,-30.061839463,-51.17587401,31.6986
0.020679,0.052905,0.996572,-0.063849,0.008522,0.005326,-0.090548,-0.088023,0.628736,9.908887,-0.325,3.788,0.718021,0.696021,-30.061839441,-51.175874037,31.7072
0.021786,0.050623,0.996102,-0.068616,0.019175,-0.010653,-0.005326,-0.195807,-2.364049,10.223255,-0.326,3.822,0.717488,0.69657,-30.061839488,-51.175874051,31.7031
0.022055,0.048944,0.995733,-0.075162,0.002131,-0.019175,-0.0,-0.411373,-1.834114,10.251998,-0.328,3.869,0.717488,0.69657,-30.061839498,-51.175874078,31.7029
0.021619,0.047601,0.995296,-0.081506,0.051133,0.042611,0.01811,0.705981,-0.362871,9.741823,-0.33,3.927,0.718021,0.696021,-30.06183954,-51.175874081,31.7005
0.022961,0.043942,0.994793,-0.088892,-0.02024,-0.003196,-0.01811,-0.28383,-0.039521,10.135232,-0.332,3.997,0.716955,0.697119,-30.061839546,-51.175873999,31.7025
0.022357,0.043942,0.994222,-0.09537,-0.089482,0.029827,-0.024501,-0.048503,2.452072,9.515478,-0.335,4.079,0.716955,0.697119,-30.061839496,-51.175874106,31.6886
0.023733,0.047803,0.993047,-0.104837,-0.002131,0.057524,0.037284,1.825132,-0.892806,9.26039,-0.341,4.279,0.716955,0.697119,-30.061839537,-51.175874077,31.6783
0.021451,0.046258,0.992644,-0.112054,0.005326,0.014914,0.011718,-0.941308,-0.677239,12.576526,-0.344,4.389,0.717488,0.69657,-30.061839578,-51.175874083,31.6716
0.020444,0.045453,0.992141,-0.116888,-0.062851,0.045806,-0.023436,1.187414,1.765851,9.497514,-0.348,4.498,0.716955,0.697119,-30.061839631,-51.175873944,31.6892
0.019302,0.04082,0.991637,-0.120816,-0.147007,-0.077764,-0.027697,-1.510764,1.07963,10.153196,-0.351,4.608,0.716955,0.697119,-30.061839591,-51.175873725,31.6711
0.020276,0.039209,0.991402,-0.125079,-0.075634,0.009587,-0.015979,-1.207174,0.804783,9.044824,-0.355,4.718,0.716955,0.697119,-30.061839598,-51.175873326,31.6805
0.019839,0.038504,0.990798,-0.130215,0.082025,0.011718,0.052198,-0.008982,1.579027,8.996321,-0.358,4.828,0.716955,0.697119,-30.061839607,-51.175872831,31.67
0.018463,0.040921,0.989791,-0.13515,0.093743,-0.005326,-0.017044,-1.559267,-2.374828,9.506496,-0.362,4.937,0.716955,0.697119,-30.061839645,-51.175872254,31.6707
0.015274,0.040921,0.989052,-0.141058,0.085221,0.015979,-0.033023,-0.589216,-3.276615,11.351388,-0.365,5.047,0.716955,0.697119,-30.061839651,-51.175871524,31.6836
0.016382,0.041257,0.988448,-0.144885,0.075634,0.010653,-0.010653,0.431134,-2.757459,10.605887,-0.369,5.157,0.716955,0.697119,-30.06183962,-51.175870682,31.6665
0.016986,0.036826,0.987139,-0.154721,-0.075634,0.044741,-0.007457,-2.355067,4.817918,10.478343,-0.376,5.376,0.716955,0.697119,-30.061839673,-51.175868803,31.6727
0.018967,0.029474,0.986669,-0.158917,-0.017044,-0.008522,-0.029827,1.295197,-2.09998,8.868777,-0.379,5.486,0.716955,0.697119,-30.061839668,-51.175867748,31.6704
0.018967,0.028567,0.986065,-0.162845,-0.044741,-0.005326,0.003196,0.529935,-2.717938,10.056191,-0.383,5.596,0.716955,0.697119,-30.061839694,-51.175866725,31.6758
0.020343,0.0285,0.985393,-0.166739,-0.009587,0.037284,-0.01811,-0.246105,-1.66705,9.075362,-0.386,5.706,0.716422,0.697667,-30.061839772,-51.175865542,31.6777
0.0189,0.029239,0.984856,-0.171405,0.025566,0.015979,-0.001065,-1.138911,1.000589,9.506496,-0.389,5.815,0.716955,0.697119,-30.061839775,-51.175864535,31.6594
0.018698,0.026688,0.984353,-0.174963,-0.043676,0.001065,-0.023436,-1.726331,-1.649086,11.518453,-0.393,5.925,0.716955,0.697119,-30.061839852,-51.175863432,31.665
0.020612,0.026553,0.98358,-0.179092,0.005326,0.011718,0.010653,-1.471243,0.6467,11.566955,-0.396,6.035,0.716955,0.697119,-30.06183986,-51.175862492,31.6686
0.021719,0.028702,0.982473,-0.182919,-0.02024,0.005326,0.042611,0.932326,3.305358,9.761583,-0.4,6.145,0.716955,0.697119,-30.061839961,-51.175861432,31.6632
0.021384,0.028366,0.981701,-0.187082,-0.027697,-0.010653,0.010653,-1.902377,1.482022,10.447804,-0.403,6.255,0.716955,0.697119,-30.061839947,-51.17586037,31.6549
0.021786,0.031421,0.980391,-0.193326,0.046872,0.001065,-0.001065,0.441912,-1.550285,9.36997,-0.41,6.474,0.716955,0.697119,-30.061839984,-51.175858163,31.6718
0.021216,0.033838,0.979653,-0.196615,-0.010653,-0.002131,-0.017044,-0.314368,1.825132,9.860385,-0.414,6.584,0.716955,0.697119,-30.061840038,-51.175857053,31.6733
0.020343,0.034912,0.978948,-0.199972,-0.025566,-0.017044,-0.011718,-1.187414,1.893395,9.438233,-0.417,6.694,0.716955,0.697119,-30.061840124,-51.175855887,31.6759
0.019672,0.031857,0.978814,-0.202624,-0.036219,-0.001065,0.003196,-3.021528,2.029921,9.829846,-0.421,6.803,0.716955,0.697119,-30.061840128,-51.175854893,31.6753
0.021115,0.028098,0.978411,-0.205008,0.082025,0.001065,0.003196,0.6467,-3.228113,10.370559,-0.424,6.913,0.716955,0.697119,-30.061840151,-51.175853809,31.683
0.02088,0.030514,0.977639,-0.207055,0.107592,0.013848,-0.0,1.530524,-1.068852,10.71367,-0.428,7.023,0.716955,0.697119,-30.061840208,-51.175852711,31.6706
0.021921,0.031824,0.976867,-0.210278,0.071373,0.015979,-0.002131,-0.598198,-2.247284,9.535238,-0.431,7.133,0.716955,0.697119,-30.061840156,-51.175851669,31.6775
0.021619,0.031656,0.97633,-0.212796,0.017044,0.024501,-0.022371,-0.441912,1.697589,9.359192,-0.435,7.242,0.716955,0.697119,-30.061840243,-51.175850523,31.6774
0.021115,0.031857,0.976766,-0.210815,0.050067,-0.002131,-0.140615,0.589216,1.677828,10.135232,-0.437,7.348,0.707829,0.706384,-30.06184027,-51.175849499,31.6726
0.019034,0.034106,0.986232,-0.16073,0.074569,-0.072438,-0.406931,-1.737109,-1.922137,8.956801,-0.426,7.521,0.651193,0.758912,-30.061840273,-51.175847397,31.6678
0.016952,0.034039,0.991402,-0.125213,0.08096,0.025566,-0.388822,-0.569456,-3.061049,9.97715,-0.413,7.589,0.619896,0.784684,-30.061840364,-51.175846407,31.6855
0.014099,0.035013,0.99496,-0.092987,0.028762,-0.009587,-0.460195,-0.461672,1.176635,10.172957,-0.398,7.644,0.588199,0.808716,-30.061840399,-51.175845342,31.6829
0.012958,0.034912,0.997646,-0.057437,0.009587,-0.011718,-0.370712,1.088612,-0.088023,10.595108,-0.382,7.686,0.555571,0.831469,-30.061840391,-51.17584425,31.6738
0.012521,0.033771,0.99909,-0.022055,0.06072,0.01811,-0.306796,0.481433,-1.814354,10.153196,-0.368,7.717,0.521412,0.853305,-30.061840428,-51.175843178,31.6827
0.010004,0.033905,0.999358,0.007083,-0.001065,0.014914,-0.488957,-4.061638,0.578438,8.752012,-0.358,7.736,0.487732,0.872993,-30.061840457,-51.175842139,31.6791
0.008627,0.034174,0.998653,0.040988,0.008522,-0.006392,-0.385626,-0.725742,-0.461672,10.370559,-0.352,7.745,0.452628,0.8917,-30.061840525,-51.175841035,31.6712
0.007755,0.034543,0.996505,0.075632,-0.008522,-0.003196,-0.365386,0.34311,1.374238,9.67356,-0.352,7.745,0.416807,0.908995,-30.061840522,-51.175840031,31.6786
0.004935,0.035718,0.993114,0.11145,0.005326,-0.007457,-0.364321,-2.196985,-0.677239,10.223255,-0.352,7.745,0.380327,0.924852,-30.061840619,-51.175838914,31.6803
0.001208,0.034274,0.983748,0.176944,0.151268,0.03835,-0.309992,-1.539506,-7.828668,10.065173,-0.352,7.745,0.304892,0.952387,-30.061840732,-51.175837346,31.6707
-0.002115,0.036087,0.977807,0.206418,0.115049,-0.031958,-0.417584,-1.462261,3.630504,9.407694,-0.352,7.745,0.266037,0.963963,-30.061840922,-51.175836661,31.6622
-0.002954,0.036792,0.96975,0.241229,0.03835,-0.041545,-0.356864,-1.068852,3.522721,9.251409,-0.352,7.745,0.227491,0.97378,-30.061841053,-51.175836168,31.6603
-0.00527,0.034711,0.962029,0.270703,-0.070308,-0.086286,-0.415453,-2.854464,2.579616,9.546016,-0.352,7.745,0.188584,0.982057,-30.061841169,-51.175835837,31.6512
-0.00715,0.033234,0.95216,0.303701,-0.158725,-0.001065,-0.418649,4.325707,5.611922,11.850785,-0.352,7.745,0.149379,0.98878,-30.061841335,-51.175835517,31.6455
-0.010339,0.031488,0.942122,0.333343,-0.031958,0.024501,-0.296144,1.884413,-1.649086,12.244194,-0.352,7.745,0.109177,0.994022,-30.061841412,-51.175835344,31.6392
-0.013864,0.030212,0.929433,0.367181,0.027697,0.044741,-0.316384,-1.785612,-4.013135,9.770565,-0.352,7.745,0.070322,0.997524,-30.061841478,-51.175835286,31.6398
-0.015677,0.030212,0.916408,0.39877,0.14168,-0.055394,-0.271643,-2.502371,-2.42333,8.800515,-0.351,7.745,0.032124,0.999484,-30.061841493,-51.175835312,31.6362
-0.018631,0.029675,0.911373,0.410083,-0.026632,-0.002131,-0.008522,-0.107783,3.894574,9.6538,-0.341,7.746,0.022183,0.999754,-30.061841484,-51.175835286,31.6383
-0.020074,0.029474,0.911843,0.409008,0.013848,0.008522,-0.007457,-0.059281,0.32335,10.075952,-0.318,7.747,0.021418,0.999771,-30.061841514,-51.175835303,31.6391
-0.020947,0.028802,0.912514,0.407531,0.031958,-0.010653,-0.002131,-0.079041,-0.804783,10.172957,-0.283,7.748,0.021418,0.999771,-30.06184149,-51.17583533,31.6465
-0.021283,0.029205,0.912917,0.406524,-0.010653,-0.046872,0.015979,-0.088023,0.118562,10.447804,-0.237,7.75,0.021418,0.999771,-30.061841489,-51.175835354,31.6409
-0.020712,0.030011,0.913354,0.405517,-0.046872,-0.015979,-0.024501,-0.34311,3.032306,9.6538,-0.178,7.752,0.021418,0.999771,-30.061841536,-51.175835393,31.6385
-0.021249,0.029944,0.91379,0.40451,-0.03835,-0.003196,-0.044741,0.01976,1.354478,9.860385,-0.109,7.755,0.020654,0.999787,-30.061841499,-51.17583538,31.6361
-0.023163,0.028735,0.914495,0.402932,0.034088,-0.005326,-0.006392,-0.215567,-0.628736,10.340021,-0.027,7.759,0.019889,0.999802,-30.061841511,-51.175835413,31.6348
-0.02323,0.027829,0.914562,0.402429,-0.093743,-0.036219,-0.02024,-1.442501,0.510175,11.399891,0.067,7.762,0.019889,0.999802,-30.061841499,-51.175835379,31.6344
-0.023666,0.026654,0.9152,0.401388,-0.010653,-0.017044,-0.033023,0.01976,1.049092,9.6538,0.173,7.766,0.019889,0.999802,-30.06184157,-51.17583543,31.6349
-0.025882,0.025949,0.91614,0.399206,-0.003196,0.007457,0.019175,0.745502,-1.530524,11.272347,0.283,7.771,0.019889,0.999802,-30.061841572,-51.175835441,31.6453
-0.026285,0.024808,0.916475,0.398098,-0.13955,-0.055394,-0.04048,-1.000589,2.717938,11.223845,0.393,7.775,0.019889,0.999802,-30.061841637,-51.175835469,31.6293
-0.028131,0.023364,0.918187,0.394473,0.034088,0.014914,-0.010653,-1.402981,-0.186825,11.213066,0.612,7.784,0.019889,0.999802,-30.061842154,-51.175835401,31.6267
-0.029138,0.024136,0.91896,0.392492,0.029827,-0.001065,-0.027697,-1.3437,0.705981,9.299911,0.722,7.788,0.019889,0.999802,-30.061842531,-51.175835358,31.6287
-0.030145,0.024808,0.919597,0.390914,0.057524,0.009587,-0.009587,0.578438,-0.068263,9.585537,0.832,7.792,0.019889,0.999802,-30.061843056,-51.175835392,31.6409
-0.031555,0.022861,0.920202,0.389471,-0.023436,0.010653,0.010653,-0.039521,2.267044,9.486736,0.942,7.797,0.019889,0.999802,-30.061843623,-51.175835378,31.652
-0.032864,0.022156,0.921074,0.387457,0.005326,-0.005326,-0.008522,-0.441912,-0.068263,10.478343,1.051,7.801,0.019889,0.999802,-30.06184435,-51.175835327,31.6351
-0.03461,0.020175,0.922484,0.384973,0.050067,0.025566,0.007457,-0.578438,-3.287394,11.575937,1.161,7.805,0.019889,0.999802,-30.061845192,-51.175835211,31.6493
-0.035516,0.020544,0.922921,0.382455,-0.211988,-0.035154,-0.005326,-1.559267,4.415527,11.076541,1.271,7.81,0.019889,0.999802,-30.061846079,-51.175835253,31.6507
-0.03649,0.017523,0.923659,0.380743,-0.006392,0.023436,-0.008522,1.05987,-0.34311,10.517863,1.38,7.814,0.019889,0.999802,-30.061847037,-51.175835299,31.649
-0.035751,0.016919,0.924532,0.379031,0.015979,0.017044,-0.006392,0.785022,-1.255677,8.721473,1.49,7.818,0.019889,0.999802,-30.061847935,-51.175835193,31.6354
-0.039746,0.016617,0.926009,0.375036,0.06072,0.007457,0.002131,-0.529935,-1.068852,8.996321,1.71,7.827,0.019889,0.999802,-30.061849835,-51.175835185,31.6508
-0.040283,0.015106,0.926681,0.373358,0.067112,0.006392,0.01811,0.411373,-1.539506,9.682542,1.82,7.831,0.019889,0.999802,-30.06185072,-51.175835081,31.6453
-0.039041,0.017691,0.927553,0.371176,0.026632,0.041545,-0.025566,0.048503,-2.276026,10.340021,1.929,7.836,0.019889,0.999802,-30.061851631,-51.175835205,31.6759
-0.041458,0.014905,0.928325,0.369162,-0.175769,0.08096,-0.008522,3.188592,2.08022,10.546606,2.039,7.84,0.019889,0.999802,-30.0618526,-51.175835147,31.6666
-0.043204,0.012219,0.929098,0.36708,-0.019175,0.075634,0.062851,2.717938,1.393999,10.753191,2.149,7.844,0.019889,0.999802,-30.061853483,-51.175835127,31.6554
-0.04364,0.012387,0.929668,0.36557,0.034088,0.025566,0.01811,0.098801,-1.393999,10.830435,2.259,7.849,0.019889,0.999802,-30.061854424,-51.175835172,31.6444
-0.043439,0.015878,0.930306,0.363488,-0.014914,0.002131,-0.015979,0.73652,-2.177225,9.506496,2.368,7.853,0.019889,0.999802,-30.061855395,-51.175835098,31.6481
-0.044647,0.013193,0.930877,0.362045,-0.046872,0.003196,-0.007457,-0.391613,0.039521,9.937629,2.478,7.857,0.019889,0.999802,-30.061856326,-51.175835169,31.6566
-0.04458,0.012588,0.931716,0.360266,0.023436,-0.01811,-0.011718,-0.853285,0.813765,10.056191,2.588,7.862,0.019889,0.999802,-30.061857268,-51.175835138,31.6514
-0.048239,0.007486,0.932757,0.357177,-0.052198,0.010653,0.003196,-0.156286,3.364638,9.781344,2.807,7.87,0.019889,0.999802,-30.061859093,-51.175835091,31.6497
-0.046997,0.007721,0.933394,0.355667,0.015979,-0.013848,0.04048,0.039521,-2.962247,12.213656,2.917,7.875,0.019889,0.999802,-30.061860024,-51.175835164,31.6458
-0.048843,0.006647,0.934469,0.352645,-0.007457,-0.017044,-0.007457,-0.274848,0.501193,9.860385,3.027,7.879,0.019889,0.999802,-30.061860971,-51.175835145,31.6572
-0.050085,0.008694,0.934972,0.351135,0.043676,0.01811,-0.035154,-0.519157,0.431134,10.535827,3.137,7.883,0.019889,0.999802,-30.061861945,-51.175835153,31.6604
-0.04834,0.01138,0.935509,0.349759,0.103331,-0.008522,-0.017044,-1.952676,-2.128722,9.722063,3.247,7.888,0.019889,0.999802,-30.061862824,-51.175835165,31.6582
-0.047131,0.014368,0.935778,0.349154,0.044741,0.008522,0.007457,0.01976,-0.402391,10.320261,3.356,7.892,0.019889,0.999802,-30.061863728,-51.175835163,31.6701
-0.047501,0.019504,0.936449,0.347039,0.062851,-0.005326,-0.029827,-1.255677,1.05987,10.507085,3.466,7.896,0.019889,0.999802,-30.061864579,-51.175835186,31.6593
-0.046258,0.020779,0.937087,0.345428,-0.026632,0.017044,-0.024501,1.579027,-0.422152,11.547195,3.576,7.901,0.019889,0.999802,-30.061865573,-51.175835178,31.6517
-0.048474,0.017053,0.937859,0.342877,-0.266316,-0.022371,0.008522,-1.491004,2.933505,11.155582,3.686,7.905,0.019889,0.999802,-30.061866577,-51.175835132,31.6415
-0.050488,0.014301,0.938497,0.341299,-0.001065,0.022371,-0.008522,-0.411373,-0.481433,9.820864,3.905,7.914,0.019889,0.999802,-30.061868407,-51.175835233,31.6554
-0.05116,0.017221,0.9389,0.339956,0.136354,-0.010653,-0.02024,-0.991607,1.354478,9.35021,4.015,7.918,0.019889,0.999802,-30.06186939,-51.175835143,31.6418
-0.053174,0.020444,0.939504,0.337741,0.092678,-0.033023,-0.05859,-4.464029,0.598198,9.968168,4.125,7.922,0.019889,0.999802,-30.061870292,-51.175835249,31.6492
-0.050555,0.023264,0.93994,0.336767,-0.051133,0.013848,0.002131,0.431134,0.167064,9.810086,4.234,7.927,0.019889,0.999802,-30.061871204,-51.175835253,31.6412
-0.049615,0.021518,0.94135,0.333041,0.019175,-0.007457,0.010653,-0.30359,-0.235327,10.075952,4.344,7.931,0.019889,0.999802,-30.061872043,-51.175835257,31.6251
-0.050958,0.022391,0.942592,0.329281,-0.046872,-0.026632,0.092678,0.147304,1.618547,10.654389,4.454,7.935,0.019889,0.999802,-30.061873018,-51.175835239,31.6275
-0.049716,0.017758,0.944002,0.325723,0.08096,-0.017044,-0.02024,-0.402391,-0.391613,9.418473,4.564,7.94,0.019889,0.999802,-30.061873841,-51.175835277,31.6552
-0.049313,0.017758,0.944338,0.324414,-0.036219,-0.019175,-0.034088,0.334129,0.569456,10.3005,4.673,7.944,0.019124,0.999817,-30.061874828,-51.175835238,31.6609
-0.048843,0.017422,0.945043,0.3224,0.0,-0.042611,-0.010653,0.411373,0.28383,10.135232,4.783,7.948,0.019889,0.999802,-30.061875803,-51.175835281,31.6452
-0.048474,0.016583,0.946117,0.319748,-0.009587,-0.053263,-0.02024,-3.758048,2.559856,10.850196,4.893,7.952,0.019889,0.999802,-30.061876781,-51.175835299,31.6402
-0.048474,0.01655,0.946956,0.317263,-0.053263,0.037284,-0.014914,-1.805372,-0.961069,10.753191,5.002,7.957,0.019889,0.999802,-30.061877663,-51.17583537,31.6445
-0.047232,0.016952,0.947225,0.316592,-0.014914,0.0,-0.006392,-0.195807,0.167064,10.370559,5.112,7.961,0.019124,0.999817,-30.061878501,-51.175835415,31.6546
-0.04552,0.017187,0.947695,0.315451,-0.015979,-0.003196,-0.009587,1.579027,1.402981,10.988518,5.222,7.965,0.019889,0.999802,-30.061879392,-51.175835393,31.663
-0.048138,0.016617,0.9484,0.313,0.129962,-0.069242,-0.028762,-0.098801,-1.354478,10.104694,5.332,7.97,0.019889,0.999802,-30.061880303,-51.175835409,31.6614
-0.048575,0.015509,0.950213,0.307361,-0.12144,0.001065,0.187487,-0.167064,1.521542,10.663371,5.437,7.974,0.032124,0.999484,-30.061881293,-51.175835428,31.6711
-0.049045,0.015039,0.959008,0.278726,0.002131,-0.04048,0.372843,-1.284419,1.717349,10.045413,5.529,7.984,0.070322,0.997524,-30.061882269,-51.175835373,31.6632
-0.047165,0.015945,0.968844,0.242639,0.037284,0.006392,0.418649,0.127544,1.941898,9.849606,5.609,7.998,0.109937,0.993939,-30.061883181,-51.175835446,31.6697
-0.047668,0.01947,0.97784,0.202725,0.07883,0.009587,0.38243,-0.696999,-2.089202,10.115472,5.676,8.016,0.149379,0.98878,-30.061884083,-51.17583539,31.6703
-0.045016,0.020981,0.985326,0.162341,-0.022371,-0.027697,0.385626,-2.177225,1.049092,9.457993,5.73,8.035,0.188584,0.982057,-30.06188496,-51.175835428,31.6517
-0.040686,0.01947,0.995531,0.082815,-0.062851,-0.009587,0.348342,-2.471833,0.824543,10.192717,5.801,8.069,0.266775,0.963759,-30.061886814,-51.175835486,31.6755
-0.039142,0.019739,0.998049,0.044311,-0.044741,0.0,0.406931,1.011368,0.853285,9.290929,5.819,8.081,0.304163,0.95262,-30.061887773,-51.175835446,31.6526
-0.035583,0.019772,0.999157,0.003323,0.061785,-0.011718,0.384561,1.972436,-3.217334,9.722063,5.827,8.087,0.342527,0.939508,-30.061888706,-51.175835469,31.6818
-0.03414,0.020779,0.999056,-0.025076,-0.002131,-0.034088,0.40267,0.558677,-0.391613,11.223845,5.828,8.087,0.37962,0.925143,-30.061889566,-51.17583559,31.6863
-0.029776,0.024338,0.997109,-0.065561,-0.044741,0.057524,0.44102,1.66705,4.552052,8.956801,5.828,8.088,0.416112,0.909314,-30.061890544,-51.175835493,31.67
-0.027661,0.026285,0.993651,-0.10581,0.002131,-0.007457,0.415453,0.274848,-0.558677,9.605297,5.827,8.087,0.451945,0.892046,-30.061891279,-51.175835479,31.6848
-0.022995,0.028198,0.987844,-0.15123,-0.023436,-0.06072,0.307862,-1.226934,-1.314957,10.595108,5.827,8.087,0.487064,0.873366,-30.061891911,-51.175835376,31.6875
-0.019873,0.030582,0.981365,-0.188626,0.02024,0.0,0.365386,1.864653,-0.226345,9.810086,5.828,8.087,0.522065,0.852906,-30.061892415,-51.17583527,31.6732
-0.01561,0.03085,0.972872,-0.228741,0.023436,0.033023,0.419714,0.844303,0.431134,10.075952,5.828,8.088,0.556207,0.831044,-30.061892863,-51.175835132,31.6795
-0.008762,0.034274,0.953637,-0.299472,0.1012,-0.053263,0.349407,-3.874813,-0.32335,10.438822,5.828,8.088,0.619896,0.784684,-30.061893535,-51.175834784,31.6758
-0.006042,0.035751,0.942492,-0.332269,0.045806,0.062851,0.449542,2.885002,-0.794004,9.702302,5.828,8.087,0.651193,0.758912,-30.0618937,-51.175834662,31.6833
-0.002048,0.036322,0.930004,-0.365738,-0.070308,-0.023436,0.297209,-0.226345,1.697589,10.507085,5.828,8.088,0.680859,0.732414,-30.061893764,-51.175834607,31.6908
0.003223,0.03743,0.916744,-0.397662,0.022371,-0.028762,0.419714,0.598198,-1.932916,9.849606,5.828,8.087,0.709987,0.704215,-30.061893747,-51.175834562,31.6784
0.006311,0.039276,0.904357,-0.424887,-0.019175,0.085221,0.271643,3.276615,1.167653,9.242427,5.827,8.092,0.728062,0.685512,-30.061893752,-51.17583456,31.6851
0.006345,0.040787,0.904122,-0.425289,-0.014914,0.005326,0.015979,-0.901788,0.941308,10.045413,5.826,8.109,0.72911,0.684397,-30.061893718,-51.175834531,31.6881
0.007822,0.040015,0.905364,-0.422637,-0.011718,0.0,-0.005326,-0.334129,-0.382631,9.987928,5.824,8.137,0.72911,0.684397,-30.061893687,-51.175834491,31.6802
0.009131,0.042331,0.906606,-0.419751,-0.044741,0.022371,0.049002,-0.136526,1.913155,10.28074,5.822,8.178,0.729633,0.683839,-30.061893679,-51.175834438,31.6867
0.010843,0.043103,0.907915,-0.416796,-0.035154,0.033023,-0.009587,0.804783,-0.362871,10.526845,5.818,8.23,0.729633,0.683839,-30.061893603,-51.175834404,31.6892
0.012622,0.042969,0.909292,-0.414312,-0.005326,0.027697,0.044741,0.264069,-0.892806,10.007689,5.814,8.295,0.72911,0.684397,-30.061893598,-51.175834379,31.6848
0.011984,0.044647,0.910433,-0.41109,0.067112,-0.008522,0.003196,0.186825,-2.667639,10.526845,5.808,8.371,0.730156,0.683281,-30.061893597,-51.175834386,31.6894
0.011716,0.049045,0.911172,-0.408975,-0.03835,0.042611,0.061785,1.295197,3.355657,9.546016,5.802,8.458,0.730156,0.683281,-30.061893585,-51.175834438,31.6978
0.011514,0.052435,0.911373,-0.408303,0.001065,-0.010653,-0.001065,1.992197,2.795183,10.683131,5.795,8.558,0.730678,0.682722,-30.061893601,-51.175834389,31.7098
0.014603,0.053006,0.911977,-0.406591,-0.035154,-0.07883,0.044741,0.569456,-0.314368,10.39032,5.788,8.667,0.730678,0.682722,-30.061893544,-51.17583444,31.7001
0.016751,0.051428,0.913454,-0.403302,-0.053263,0.013848,-0.031958,-2.992786,-2.845482,10.683131,5.78,8.777,0.730156,0.683281,-30.061893516,-51.175834333,31.7073
0.019369,0.04985,0.915133,-0.399609,-0.008522,0.046872,-0.003196,-0.510175,-2.638897,9.643022,5.772,8.886,0.730156,0.683281,-30.061893523,-51.175834145,31.7043
0.020511,0.052704,0.916475,-0.396051,-0.013848,-0.024501,-0.031958,-1.834114,1.589805,11.252587,5.764,8.996,0.730156,0.683281,-30.061893555,-51.175833815,31.705
0.019168,0.052469,0.917315,-0.394204,-0.085221,0.049002,-0.002131,1.304179,1.737109,10.311279,5.757,9.105,0.730678,0.682722,-30.061893557,-51.17583343,31.6946
0.020309,0.05267,0.918892,-0.391116,0.0,0.011718,0.013848,1.354478,1.187414,10.262776,5.749,9.215,0.730156,0.683281,-30.061893631,-51.17583286,31.7111
0.019974,0.052368,0.919295,-0.389538,0.0,-0.011718,0.001065,-0.461672,-0.794004,9.025063,5.741,9.325,0.730678,0.682722,-30.061893636,-51.175832224,31.7212
0.019907,0.054517,0.92047,-0.387188,-0.013848,-0.009587,-0.049002,0.745502,-0.6467,10.526845,5.733,9.434,0.730678,0.682722,-30.061893601,-51.175831538,31.6934
0.020712,0.05408,0.921779,-0.383999,0.050067,-0.011718,0.011718,-1.471243,-0.75628,9.310689,5.725,9.544,0.730678,0.682722,-30.061893589,-51.175830755,31.6913
0.021149,0.055926,0.922518,-0.38128,-0.050067,0.015979,-0.033023,0.048503,2.069441,10.056191,5.717,9.653,0.730678,0.682722,-30.061893688,-51.175829746,31.7187
0.021786,0.057135,0.923189,-0.379467,-0.019175,0.03835,0.029827,0.813765,2.834703,10.036431,5.71,9.763,0.730678,0.682722,-30.061893598,-51.175828691,31.7111
0.02276,0.057706,0.924096,-0.377084,-0.103331,-0.027697,0.002131,0.519157,3.650264,10.291518,5.702,9.873,0.730678,0.682722,-30.061893591,-51.175827568,31.6894
0.023029,0.057404,0.924901,-0.37517,0.013848,-0.011718,0.006392,0.501193,-1.216156,11.193306,5.694,9.982,0.730678,0.682722,-30.061893634,-51.175826544,31.7016
0.023599,0.061768,0.925707,-0.372384,0.036219,-0.035154,-0.002131,0.156286,0.156286,9.820864,5.686,10.092,0.730678,0.682722,-30.061893647,-51.175825521,31.7183
0.020712,0.064419,0.926613,-0.3699,0.029827,0.014914,-0.013848,0.470654,-0.481433,9.36997,5.678,10.201,0.730678,0.682722,-30.061893719,-51.175824413,31.6927
0.020847,0.067004,0.927654,-0.366745,0.013848,0.002131,0.01811,-0.28383,0.127544,10.025653,5.67,10.311,0.730678,0.682722,-30.061893645,-51.175823419,31.6734
0.021149,0.064084,0.928695,-0.364663,-0.034088,0.025566,0.009587,-2.040699,-1.266455,9.790325,5.663,10.421,0.730678,0.682722,-30.061893699,-51.175822341,31.6915
0.023029,0.061197,0.929567,-0.363522,0.037284,0.009587,-0.017044,1.216156,-2.922727,10.447804,5.655,10.53,0.730678,0.682722,-30.061893723,-51.175821309,31.6681
0.024002,0.05972,0.929937,-0.362078,0.022371,-0.042611,-0.045806,-0.637718,0.75628,8.417884,5.647,10.64,0.730678,0.682722,-30.061893731,-51.175820215,31.6744
0.026721,0.057269,0.930675,-0.360333,0.01811,0.005326,-0.008522,0.991607,-2.698178,10.526845,5.639,10.75,0.730678,0.682722,-30.061893735,-51.175819156,31.6877
0.028165,0.056061,0.931917,-0.357211,0.03835,0.006392,-0.013848,-0.048503,1.38322,9.968168,5.631,10.859,0.730678,0.682722,-30.061893767,-51.17581814,31.6682
0.028299,0.056061,0.932857,-0.35476,0.089482,0.019175,0.025566,-1.068852,-1.138911,9.585537,5.623,10.969,0.730678,0.682722,-30.061893729,-51.175816958,31.6803
0.028433,0.057504,0.933394,-0.353082,-0.025566,0.02024,0.01811,1.737109,2.256266,10.614869,5.616,11.079,0.730678,0.682722,-30.061893682,-51.175815959,31.7
0.026117,0.058578,0.933965,-0.352108,-0.007457,-0.014914,0.022371,-3.432901,2.72692,10.625647,5.608,11.188,0.730678,0.682722,-30.061893725,-51.175814963,31.7076
0.028836,0.057202,0.934435,-0.350027,-0.029827,-0.025566,0.015979,-1.3437,-1.275437,9.732841,5.6,11.298,0.730678,0.682722,-30.061893746,-51.175814018,31.6886
0.028299,0.056094,0.935375,-0.348516,-0.031958,-0.015979,0.011718,-0.804783,-0.008982,10.957979,5.592,11.407,0.730678,0.682722,-30.061893748,-51.175812836,31.7268
0.028802,0.055624,0.936181,-0.346637,0.07883,-0.015979,0.031958,-0.538917,-3.335896,10.163975,5.584,11.517,0.730678,0.682722,-30.061893785,-51.175811775,31.6887
0.027594,0.057773,0.936449,-0.34563,0.051133,0.013848,0.003196,-0.226345,0.235327,11.75378,5.576,11.626,0.731722,0.681603,-30.061893816,-51.175810701,31.6823
0.028567,0.058276,0.932253,-0.355902,-0.04048,0.013848,0.252468,0.980829,1.570045,9.486736,5.567,11.724,0.751224,0.660047,-30.061893764,-51.1758096,31.6799
0.030045,0.057303,0.919665,-0.38739,-0.033023,-0.059655,0.415453,-1.913155,-0.059281,10.291518,5.552,11.81,0.77688,0.629649,-30.06189382,-51.175808523,31.6856
0.033066,0.056497,0.904894,-0.420556,0.024501,0.074569,0.410127,2.108962,-2.893984,10.73343,5.533,11.882,0.801763,0.597642,-30.061893773,-51.175807424,31.6737
0.037967,0.054684,0.888781,-0.453488,0.04048,-0.003196,0.381365,2.550874,-5.778987,10.909476,5.512,11.942,0.824897,0.565283,-30.061893823,-51.175806357,31.7082
0.039377,0.050085,0.87354,-0.482592,-0.042611,0.049002,0.409062,0.952087,-0.28383,9.457993,5.502,11.967,0.835977,0.548765,-30.061893792,-51.175805264,31.6918
0.043137,0.047131,0.856084,-0.512872,-0.095874,-0.007457,0.490022,-1.902377,1.765851,8.63345,5.473,12.024,0.867214,0.497935,-30.061893833,-51.175804267,31.7067
0.04891,0.043741,0.838763,-0.540533,0.067112,-0.059655,0.284426,0.617958,-5.268812,11.811264,5.458,12.048,0.886331,0.463053,-30.061893794,-51.175803183,31.6722
0.0521,0.043741,0.825939,-0.559634,-0.022371,0.054329,0.40267,2.599376,1.794594,10.291518,5.449,12.06,0.904045,0.427437,-30.061893871,-51.175802091,31.683
0.057404,0.039813,0.789013,-0.610357,0.084156,-0.043676,0.316384,-0.039521,-1.765851,9.418473,5.446,12.063,0.928211,0.372054,-30.06189389,-51.175800006,31.6728
0.058444,0.03753,0.771154,-0.632815,0.025566,-0.066046,0.497479,-3.4832,-1.726331,9.466975,5.446,12.063,0.942017,0.335566,-30.061893903,-51.175799092,31.6914
0.059686,0.037228,0.748864,-0.659469,-0.036219,-0.062851,0.404801,-2.432312,4.778397,9.574759,5.446,12.063,0.960564,0.278058,-30.061893862,-51.175798312,31.6934
0.061633,0.035953,0.728957,-0.681289,0.013848,0.061785,0.454868,2.394588,1.128133,8.829257,5.446,12.063,0.971046,0.238894,-30.061893706,-51.175797613,31.7086
0.065024,0.033737,0.705392,-0.705022,-0.046872,-0.028762,0.484696,-0.677239,1.579027,10.056191,5.446,12.063,0.975437,0.22028,-30.061893581,-51.175797094,31.6937
0.06875,0.032529,0.683572,-0.725903,0.059655,0.014914,0.338754,-1.393999,-1.649086,11.487914,5.446,12.063,0.983425,0.181313,-30.061893465,-51.175796509,31.7076
0.06969,0.032025,0.662054,-0.745541,-0.105461,0.008522,0.377104,0.382631,3.296376,10.869956,5.446,12.063,0.989967,0.141302,-30.061893318,-51.175796175,31.7091
0.070193,0.030984,0.639361,-0.765078,0.001065,0.085221,0.288687,1.334718,-3.599966,11.714259,5.446,12.063,0.994803,0.10182,-30.061893148,-51.175795899,31.708
0.070395,0.030414,0.618951,-0.781661,-0.025566,-0.045806,0.398409,-1.314957,1.411963,10.674149,5.446,12.063,0.998065,0.062176,-30.061893131,-51.175795792,31.7064
0.07355,0.029306,0.573632,-0.815298,0.061785,0.043676,0.409062,-2.295786,-1.932916,10.016671,5.446,12.063,0.999792,-0.020402,-30.061893222,-51.175795739,31.6997
0.07449,0.030145,0.568597,-0.819057,0.019175,-0.006392,0.009587,0.059281,0.127544,10.69391,5.442,12.063,0.998923,-0.046397,-30.061893235,-51.175795753,31.6878
0.073651,0.031891,0.575042,-0.814156,-0.009587,-0.008522,-0.0,-0.481433,0.608976,10.095712,5.425,12.061,0.998851,-0.047925,-30.061893151,-51.175795746,31.6966
0.074625,0.031958,0.581622,-0.809423,-0.002131,0.015979,-0.0,-0.519157,1.029331,10.036431,5.396,12.058,0.998814,-0.048689,-30.061893098,-51.175795802,31.6803
0.074524,0.033704,0.588268,-0.804522,0.0,-0.003196,0.008522,-0.01976,-0.402391,10.192717,5.356,12.054,0.998776,-0.049453,-30.06189305,-51.175795782,31.6873
0.07402,0.034476,0.594714,-0.799789,-0.005326,-0.008522,0.026632,-0.901788,0.677239,10.084933,5.304,12.048,0.998814,-0.048689,-30.061893028,-51.175795818,31.6857
0.074255,0.034979,0.60126,-0.79482,-0.066046,0.031958,-0.01811,-0.804783,0.637718,9.69332,5.24,12.041,0.998776,-0.049453,-30.06189308,-51.17579575,31.6867
0.073181,0.036624,0.60841,-0.789416,0.026632,-0.005326,-0.003196,0.039521,0.0,10.056191,5.164,12.033,0.998738,-0.050218,-30.06189304,-51.175795826,31.6803
0.07439,0.038538,0.614251,-0.784649,-0.02024,-0.005326,-0.015979,0.402391,0.441912,9.761583,5.077,12.024,0.998738,-0.050218,-30.061893071,-51.175795837,31.686
0.074121,0.036826,0.626739,-0.774813,0.063916,-0.015979,-0.0,-0.028742,-1.422741,9.869367,4.869,12.001,0.998738,-0.050218,-30.061893121,-51.175795879,31.6755
0.07251,0.038101,0.633386,-0.769912,0.054329,0.001065,0.04048,-0.30359,-0.118562,10.007689,4.759,11.989,0.998738,-0.050218,-30.061892963,-51.175795912,31.6654
0.071268,0.038907,0.639562,-0.764877,-0.002131,-0.001065,0.015979,-2.766441,-4.631093,11.380131,4.65,11.978,0.998738,-0.050218,-30.061892765,-51.175795882,31.6704
0.071771,0.039075,0.64396,-0.76068,-0.262055,-0.02024,0.005326,0.864064,4.963426,10.517863,4.541,11.966,0.998738,-0.050218,-30.061892457,-51.17579584,31.6655
0.070496,0.039847,0.649667,-0.755913,0.006392,-0.002131,-0.001065,0.059281,-0.529935,11.008278,4.432,11.954,0.998738,-0.050218,-30.061892064,-51.175795813,31.6891
0.069522,0.03978,0.655239,-0.751147,-0.023436,0.029827,0.024501,1.570045,0.362871,10.379541,4.323,11.942,0.998738,-0.050218,-30.061891539,-51.1757959,31.6576
0.070731,0.039511,0.65873,-0.747991,-0.11931,-0.011718,0.001065,0.206585,2.42333,12.479521,4.214,11.93,0.998738,-0.050218,-30.061890947,-51.175795913,31.6651
0.073517,0.037228,0.663766,-0.743392,-0.022371,0.009587,-0.008522,0.510175,2.629915,9.99691,4.105,11.918,0.998738,-0.050218,-30.061890301,-51.175795893,31.6786
0.074725,0.036255,0.668566,-0.738995,0.031958,0.0,0.02024,0.246105,-1.550285,9.781344,3.995,11.906,0.998738,-0.050218,-30.061889394,-51.17579595,31.6482
0.070798,0.03978,0.677193,-0.731307,0.13955,-0.054329,-0.003196,-0.558677,-1.501782,8.338842,3.777,11.882,0.998738,-0.050218,-30.061887658,-51.175795976,31.6472
0.067911,0.04176,0.68149,-0.72748,0.027697,-0.013848,0.002131,-0.952087,0.6467,9.987928,3.668,11.87,0.998738,-0.050218,-30.061886778,-51.175795918,31.6532
0.067407,0.041592,0.68572,-0.723553,-0.033023,-0.010653,-0.003196,-0.136526,-0.481433,10.555588,3.559,11.858,0.998738,-0.050218,-30.06188584,-51.175795898,31.6412
0.067541,0.039947,0.690655,-0.71939,-0.050067,0.028762,-0.04048,1.02035,-0.402391,9.968168,3.45,11.847,0.9987,-0.050982,-30.061884856,-51.175795916,31.6648
0.067676,0.03941,0.694012,-0.716167,-0.113983,0.07883,0.037284,2.471833,2.540095,11.01726,3.34,11.835,0.998738,-0.050218,-30.061883998,-51.175795967,31.6558
0.067306,0.040015,0.697234,-0.712576,0.0,0.024501,0.02024,-0.156286,-0.373649,10.340021,3.231,11.823,0.998738,-0.050218,-30.061883035,-51.175795876,31.6475
0.067978,0.040619,0.700222,-0.709454,-0.015979,0.0,0.037284,1.088612,-1.04011,10.036431,3.122,11.811,0.9987,-0.050982,-30.061882026,-51.175795951,31.6583
0.067004,0.040283,0.703411,-0.706466,0.019175,-0.005326,-0.019175,0.490414,1.913155,10.172957,3.013,11.799,0.9987,-0.050982,-30.06188113,-51.175795966,31.646
0.065594,0.041626,0.706734,-0.703176,0.079895,-0.057524,-0.033023,-1.196396,-0.666461,9.192128,2.904,11.787,0.9987,-0.050982,-30.061880144,-51.175795956,31.6494
0.062237,0.040753,0.713717,-0.696496,-0.06072,0.03835,0.017044,0.794004,0.549695,10.487325,2.685,11.763,0.998738,-0.050218,-30.061878372,-51.175795897,31.6677
0.063547,0.037195,0.717141,-0.693038,0.008522,-0.008522,-0.025566,0.549695,-2.667639,8.525667,2.576,11.751,0.998738,-0.050218,-30.061877437,-51.175795926,31.6624
0.063177,0.038437,0.719524,-0.690521,0.041545,0.08096,0.042611,2.276026,0.079041,10.203495,2.467,11.739,0.998738,-0.050218,-30.061876534,-51.175795912,31.6562
0.061029,0.038403,0.722143,-0.688506,0.026632,0.015979,0.007457,0.274848,-0.34311,10.595108,2.358,11.727,0.9987,-0.050982,-30.06187561,-51.175795886,31.6676
0.062338,0.038101,0.724493,-0.685418,-0.042611,-0.017044,0.051133,-0.186825,0.883824,10.036431,2.249,11.715,0.9987,-0.050982,-30.061874675,-51.175795903,31.6686
0.066635,0.03555,0.726104,-0.683437,0.046872,0.022371,0.010653,-0.657479,-1.011368,11.065762,2.139,11.703,0.998738,-0.050218,-30.061873813,-51.175795865,31.6572
0.069153,0.033838,0.72842,-0.680819,-0.031958,-0.015979,-0.011718,0.32335,0.912566,9.506496,2.03,11.691,0.9987,-0.050982,-30.061872897,-51.175795905,31.6654
0.067374,0.034879,0.730837,-0.678301,0.052198,0.009587,0.006392,-0.215567,-0.804783,10.663371,1.921,11.679,0.998738,-0.050218,-30.061871932,-51.175795993,31.6441
0.064889,0.037295,0.733825,-0.675213,-0.005326,-0.026632,-0.02024,-0.32335,-0.666461,9.99691,1.812,11.667,0.998738,-0.050218,-30.061871023,-51.175795872,31.6672
0.064453,0.034811,0.73745,-0.67142,0.010653,0.024501,-0.015979,0.264069,-0.186825,10.016671,1.593,11.643,0.998738,-0.050218,-30.061869189,-51.175795897,31.6536
0.063614,0.032663,0.739431,-0.669439,-0.002131,0.009587,-0.002131,0.226345,-0.32335,9.486736,1.484,11.631,0.998738,-0.050218,-30.061868234,-51.175795819,31.6527
0.06311,0.03461,0.741512,-0.667593,0.022371,-0.009587,0.005326,-0.215567,-0.246105,9.849606,1.375,11.619,0.9987,-0.050982,-30.061867316,-51.175795807,31.6722
0.06264,0.034375,0.742654,-0.665847,-0.015979,-0.006392,-0.009587,-1.834114,1.088612,9.968168,1.266,11.607,0.998738,-0.050218,-30.061866431,-51.175795873,31.6696
0.063211,0.034341,0.744265,-0.664001,-0.026632,-0.03835,-0.028762,-1.068852,1.196396,10.73343,1.157,11.595,0.9987,-0.050982,-30.061865459,-51.175795827,31.6761
0.065762,0.032965,0.746246,-0.662121,-0.005326,0.013848,0.015979,1.284419,-0.391613,9.801104,1.047,11.583,0.998738,-0.050218,-30.061864413,-51.175795833,31.6742
0.066064,0.031723,0.747152,-0.660577,-0.15979,0.015979,0.063916,1.462261,3.129311,10.379541,0.938,11.572,0.998738,-0.050218,-30.061863523,-51.175795879,31.66
0.063379,0.033469,0.748797,-0.658898,0.102265,0.033023,0.013848,-0.206585,-1.697589,10.192717,0.829,11.56,0.998738,-0.050218,-30.061862593,-51.175795871,31.6784
0.061499,0.03555,0.750072,-0.657522,0.022371,-0.005326,-0.003196,0.441912,0.411373,9.466975,0.72,11.548,0.9987,-0.050982,-30.061861658,-51.175795818,31.6642
0.062002,0.03461,0.752489,-0.654232,0.057524,-0.049002,-0.04048,0.686221,4.160439,8.358603,0.502,11.524,0.9987,-0.050982,-30.061859846,-51.175795787,31.6729
0.063345,0.033301,0.753799,-0.653124,0.034088,-0.009587,-0.014914,-0.844303,-1.393999,10.135232,0.392,11.512,0.9987,-0.050982,-30.061858879,-51.175795764,31.6533
0.0617,0.03367,0.755041,-0.651882,0.003196,-0.007457,-0.034088,-0.824543,2.462851,10.28074,0.283,11.5,0.998738,-0.050218,-30.061857981,-51.175795778,31.6583
0.062775,0.032931,0.756249,-0.650439,0.148072,0.025566,0.031958,0.422152,-1.049092,8.721473,0.174,11.488,0.998738,-0.050218,-30.061857104,-51.175795683,31.6753
0.060492,0.035718,0.757693,-0.648794,-0.154463,0.089482,0.076699,3.80655,4.415527,10.458583,0.065,11.476,0.9987,-0.050982,-30.061856156,-51.175795724,31.6776
0.06019,0.035315,0.758733,-0.64819,0.041545,0.009587,-0.002131,0.195807,-0.470654,9.398712,-0.044,11.464,0.9987,-0.050982,-30.061855167,-51.175795794,31.6551
0.059753,0.035013,0.759438,-0.646847,-0.015979,-0.009587,-0.002131,0.461672,-0.657479,10.251998,-0.153,11.452,0.9987,-0.050982,-30.061854228,-51.175795733,31.6576
0.05878,0.033166,0.761755,-0.644329,0.067112,-0.041545,-0.14168,-1.462261,-1.207174,8.565188,-0.262,11.44,0.998851,-0.047925,-30.061853376,-51.175795662,31.6747
0.057169,0.032931,0.776794,-0.626269,0.112918,0.027697,-0.312123,-2.72692,-1.677828,8.712492,-0.361,11.432,0.999792,-0.020402,-30.061852461,-51.175795756,31.6637
0.054282,0.036792,0.822045,-0.565609,0.055394,0.053263,-0.332363,2.276026,0.353889,10.869956,-0.522,11.437,0.998065,0.062176,-30.061850506,-51.175795724,31.6806
0.052704,0.037396,0.841448,-0.536471,-0.011718,-0.026632,-0.350472,-2.511353,0.441912,9.339432,-0.585,11.447,0.994725,0.102581,-30.061849647,-51.175795703,31.6653
0.051495,0.038168,0.859911,-0.506359,0.024501,-0.031958,-0.40054,-1.579027,-0.892806,8.91728,-0.635,11.459,0.989858,0.142059,-30.06184873,-51.175795682,31.6686
0.048474,0.03931,0.879616,-0.471582,0.025566,0.024501,-0.296144,-1.638308,-2.364049,9.97715,-0.672,11.471,0.983286,0.182065,-30.061847862,-51.17579572,31.6542
0.047165,0.040921,0.895025,-0.44241,0.027697,-0.019175,-0.417584,-0.362871,-1.36346,9.183146,-0.698,11.482,0.975437,0.22028,-30.061846872,-51.175795633,31.6776
0.045251,0.040149,0.909124,-0.412097,0.028762,0.046872,-0.323841,1.649086,2.432312,9.987928,-0.712,11.489,0.965905,0.258898,-30.061845999,-51.175795558,31.6782
0.043875,0.04025,0.921981,-0.382623,0.076699,-0.029827,-0.427171,0.725742,-2.177225,9.427455,-0.715,11.491,0.954844,0.297107,-30.06184505,-51.175795626,31.6671
0.04176,0.042465,0.934435,-0.351101,0.057524,-0.051133,-0.370712,0.373649,-3.032306,9.880145,-0.715,11.491,0.942017,0.335566,-30.061844081,-51.175795599,31.6582
0.039712,0.043808,0.945513,-0.320218,-0.003196,-0.033023,-0.337689,-1.932916,-0.628736,9.987928,-0.715,11.491,0.928211,0.372054,-30.061843345,-51.175795488,31.6717
0.037967,0.045251,0.955919,-0.287991,-0.008522,0.043676,-0.42291,-1.02035,-0.481433,10.674149,-0.715,11.491,0.912367,0.409373,-30.061842642,-51.175795432,31.6907
0.036087,0.04552,0.964983,-0.255764,-0.009587,0.006392,-0.423976,-0.549695,0.226345,10.104694,-0.715,11.491,0.895705,0.444648,-30.061842043,-51.17579534,31.6856
0.034274,0.046124,0.971462,-0.230185,0.005326,-0.023436,-0.495348,-0.501193,-0.028742,10.183735,-0.715,11.491,0.876946,0.480589,-30.06184159,-51.175795168,31.6881
0.031723,0.045755,0.978747,-0.197354,0.011718,0.0,-0.373908,0.75628,-1.04011,10.487325,-0.715,11.491,0.856745,0.51574,-30.061841256,-51.17579502,31.6912
0.03038,0.046359,0.984621,-0.165765,0.02024,0.051133,-0.315318,3.364638,0.206585,10.663371,-0.715,11.491,0.835557,0.549404,-30.061840979,-51.175794831,31.6814
0.028098,0.047165,0.989187,-0.134579,0.035154,-0.024501,-0.394148,-1.36346,0.481433,9.211888,-0.715,11.491,0.813046,0.582199,-30.061840852,-51.175794751,31.6879
0.025681,0.047064,0.993282,-0.101984,0.007457,-0.043676,-0.498544,2.795183,1.187414,10.183735,-0.715,11.491,0.789249,0.614073,-30.061840767,-51.175794724,31.6828
0.022324,0.046661,0.996505,-0.069018,0.102265,-0.031958,-0.419714,-2.432312,-1.794594,10.408284,-0.715,11.491,0.764203,0.644976,-30.061840748,-51.175794773,31.6858
0.021317,0.046796,0.998116,-0.039008,0.014914,0.066046,-0.280165,4.129901,0.844303,10.663371,-0.715,11.492,0.739495,0.673162,-30.061840719,-51.175794794,31.692
0.021585,0.047568,0.997847,-0.039612,-0.025566,-0.009587,-0.026632,-0.402391,0.274848,10.065173,-0.716,11.502,0.732243,0.681043,-30.061840736,-51.175794773,31.6909
0.021417,0.045319,0.99731,-0.05314,0.003196,0.006392,-0.007457,-0.215567,-0.127544,10.262776,-0.72,11.56,0.732243,0.681043,-30.061840815,-51.175794736,31.7002
0.02088,0.046091,0.996941,-0.059552,-0.085221,-0.022371,-0.055394,-0.578438,3.149072,9.770565,-0.724,11.606,0.731722,0.681603,-30.061840853,-51.175794695,31.6957
0.021182,0.045084,0.996572,-0.066031,-0.005326,-0.029827,-0.014914,-0.255087,0.079041,10.075952,-0.728,11.664,0.7312,0.682163,-30.061840846,-51.175794712,31.6809
0.021283,0.045319,0.996135,-0.072308,-0.092678,0.035154,-0.04048,0.450894,3.364638,9.770565,-0.733,11.734,0.7312,0.682163,-30.061840866,-51.175794686,31.6892
0.020377,0.042902,0.995833,-0.077814,-0.011718,0.011718,-0.03835,0.362871,0.28383,10.645407,-0.739,11.816,0.730678,0.682722,-30.061840889,-51.175794695,31.6808
0.020477,0.04364,0.995363,-0.08342,-0.009587,-0.043676,0.008522,-0.813765,0.961069,10.331039,-0.746,11.91,0.730678,0.682722,-30.061840955,-51.175794611,31.6791
0.019269,0.043036,0.995263,-0.087582,-0.006392,0.029827,0.014914,-0.226345,-0.481433,9.457993,-0.753,12.015,0.730678,0.682722,-30.061840983,-51.175794616,31.673
0.018799,0.040652,0.994625,-0.093289,0.043676,-0.031958,-0.009587,-1.3437,-2.001178,9.497514,-0.761,12.125,0.730678,0.682722,-30.061840986,-51.175794565,31.669
0.017456,0.037967,0.994323,-0.097855,0.057524,0.009587,0.010653,-0.833525,-4.767619,9.26039,-0.769,12.235,0.730678,0.682722,-30.061840995,-51.175794379,31.668
0.01561,0.038202,0.993248,-0.108496,0.024501,-0.02024,-0.02024,-0.813765,-4.208942,9.781344,-0.785,12.454,0.730678,0.682722,-30.061841026,-51.175793715,31.673
0.013797,0.03847,0.992644,-0.113867,-0.026632,-0.013848,-0.026632,-1.029331,0.059281,10.28074,-0.793,12.563,0.730678,0.682722,-30.061841035,-51.175793207,31.6666
0.013327,0.037732,0.991973,-0.119842,-0.063916,0.014914,-0.003196,-1.972436,3.639486,11.155582,-0.801,12.673,0.730678,0.682722,-30.061841017,-51.175792595,31.6725
0.014737,0.034274,0.991201,-0.124408,0.075634,-0.010653,-0.027697,0.677239,-2.885002,8.741234,-0.808,12.783,0.730678,0.682722,-30.061841018,-51.175791821,31.6686
0.014838,0.032193,0.990966,-0.129309,-0.129962,0.025566,-0.044741,1.323939,-0.246105,10.311279,-0.816,12.892,0.730678,0.682722,-30.061841101,-51.175791011,31.6831
0.014569,0.032562,0.990563,-0.134344,0.088417,-0.04048,-0.02024,-1.834114,-3.188592,9.67356,-0.824,13.002,0.730678,0.682722,-30.061841077,-51.175790074,31.6758
0.01608,0.034442,0.989892,-0.138473,0.131028,-0.043676,-0.002131,0.932326,-2.148482,10.232237,-0.832,13.111,0.730678,0.682722,-30.061841204,-51.17578896,31.6659
0.017389,0.035248,0.98875,-0.144382,-0.003196,0.002131,-0.014914,1.147893,1.156875,10.243016,-0.84,13.221,0.730678,0.682722,-30.061841204,-51.175787899,31.6591
0.01796,0.032999,0.988448,-0.148544,-0.070308,-0.010653,0.010653,-0.628736,1.677828,11.03702,-0.848,13.331,0.730678,0.682722,-30.061841286,-51.175786802,31.6649
0.019739,0.033032,0.986937,-0.156467,-0.062851,0.011718,-0.025566,-0.75628,0.952087,10.203495,-0.863,13.55,0.730678,0.682722,-30.061841483,-51.175784673,31.678
0.019705,0.034039,0.986199,-0.160831,0.028762,0.006392,-0.017044,-0.098801,-1.609565,8.477164,-0.871,13.66,0.730678,0.682722,-30.061841502,-51.175783666,31.6491
0.020444,0.035382,0.985326,-0.165732,0.015979,0.006392,-0.022371,0.048503,-0.510175,10.379541,-0.879,13.769,0.730678,0.682722,-30.061841512,-51.175782604,31.6569
0.020847,0.033267,0.984621,-0.170196,-0.072438,0.013848,-0.002131,-1.354478,1.442501,11.065762,-0.887,13.879,0.730678,0.682722,-30.061841629,-51.175781488,31.68
0.021954,0.032462,0.984084,-0.173251,-0.023436,0.002131,-0.002131,-0.991607,-2.196985,11.556177,-0.895,13.988,0.730678,0.682722,-30.06184165,-51.175780371,31.6549
0.022491,0.029138,0.983648,-0.176373,0.089482,0.024501,0.02024,1.196396,-6.720295,11.125043,-0.903,14.098,0.730678,0.682722,-30.061841696,-51.175779438,31.6754
0.023532,0.028232,0.983077,-0.179529,-0.010653,-0.015979,-0.008522,-1.589805,-2.069441,10.73343,-0.91,14.208,0.730678,0.682722,-30.061841772,-51.175778343,31.6837
0.023431,0.030984,0.982406,-0.183993,-0.008522,-0.003196,0.050067,2.364049,2.619137,9.35021,-0.918,14.317,0.730678,0.682722,-30.061841738,-51.175777326,31.6405
0.024438,0.034946,0.9816,-0.187451,-0.088417,-0.025566,0.008522,0.549695,3.522721,9.880145,-0.926,14.427,0.730678,0.682722,-30.061841872,-51.175776151,31.6723
0.027393,0.030246,0.980123,-0.194098,-0.001065,0.005326,-0.007457,-1.207174,-1.902377,9.810086,-0.942,14.646,0.730678,0.682722,-30.061841932,-51.175774082,31.6657
0.029272,0.03028,0.979451,-0.197287,-0.013848,-0.04048,0.011718,0.206585,-0.206585,9.860385,-0.95,14.756,0.730678,0.682722,-30.061841939,-51.17577303,31.6617
0.030112,0.03028,0.978747,-0.200476,0.036219,0.01811,-0.008522,-0.028742,0.127544,9.387934,-0.957,14.866,0.730678,0.682722,-30.061842043,-51.175771952,31.6611
0.030447,0.02662,0.978512,-0.202188,-0.133158,0.015979,-0.002131,-0.32335,2.128722,9.497514,-0.965,14.975,0.730678,0.682722,-30.061842041,-51.175770892,31.6493
0.02981,0.029373,0.979921,-0.194937,-0.096939,0.059655,-0.214118,1.04011,-1.629326,9.643022,-0.972,15.081,0.722267,0.691614,-30.061842056,-51.175769847,31.6423
0.028131,0.031723,0.98452,-0.170096,0.072438,-0.002131,-0.289752,0.901788,-2.610155,10.243016,-0.973,15.173,0.695841,0.718196,-30.061842197,-51.175768682,31.6694
0.026721,0.037463,0.98969,-0.135553,-0.037284,0.12144,-0.394148,2.040699,1.156875,10.262776,-0.968,15.253,0.665587,0.74632,-30.061842179,-51.175767627,31.656
0.016483,0.031253,0.994054,-0.104803,0.214118,-0.11931,-0.365386,-1.638308,-4.169421,10.28074,-0.957,15.322,0.63538,0.7722,-30.061842221,-51.175766716,31.6513
0.014468,0.03696,0.996706,-0.070731,0.010653,0.055394,-0.433563,-1.411963,-1.207174,10.016671,-0.944,15.378,0.604167,0.796858,-30.06184226,-51.175765623,31.6626
0.00997,0.040686,0.999123,-0.00433,0.072438,-0.014914,-0.520915,-1.442501,-1.697589,10.104694,-0.918,15.452,0.538925,0.842354,-30.061842442,-51.175763362,31.6682
0.008057,0.038873,0.998787,0.029172,0.015979,0.014914,-0.31958,-0.068263,-2.069441,9.860385,-0.908,15.472,0.504998,0.86312,-30.061842435,-51.175762276,31.6768
0.005539,0.038739,0.997377,0.06066,0.082025,0.010653,-0.322775,-1.981418,-3.560445,9.506496,-0.903,15.48,0.469598,0.882881,-30.061842474,-51.175761202,31.6755
0.003021,0.040753,0.994793,0.093222,-0.009587,-0.008522,-0.410127,-0.657479,0.501193,9.829846,-0.903,15.481,0.434803,0.900525,-30.061842591,-51.175760104,31.6749
0.001276,0.039914,0.991134,0.126623,-0.029827,0.057524,-0.384561,0.971847,-0.28383,10.762172,-0.903,15.48,0.397944,0.91741,-30.061842632,-51.17575917,31.6734
-0.000504,0.038638,0.98677,0.157541,0.005326,0.009587,-0.388822,0.156286,0.628736,9.968168,-0.903,15.481,0.361858,0.932233,-30.061842729,-51.175758454,31.6635
-0.003323,0.036859,0.981096,0.189868,0.002131,-0.003196,-0.437824,-1.284419,-0.206585,10.045413,-0.903,15.481,0.323773,0.946135,-30.0618429,-51.175757769,31.6592
-0.004196,0.037295,0.976162,0.213803,-0.051133,-0.085221,-0.393083,0.677239,4.404748,9.810086,-0.903,15.481,0.28589,0.958262,-30.06184303,-51.175757231,31.6471
-0.007083,0.035684,0.968776,0.245257,-0.158725,0.002131,-0.347276,2.904763,6.612512,11.164564,-0.903,15.481,0.246813,0.969063,-30.061843272,-51.175756752,31.6175
-0.014133,0.036288,0.951186,0.305917,0.045806,0.008522,-0.4815,-1.05987,-1.941898,9.222666,-0.903,15.481,0.169015,0.985614,-30.061843524,-51.175756244,31.6275
-0.017892,0.034711,0.939168,0.341232,-0.044741,-0.02024,-0.565656,-3.619726,1.304179,8.525667,-0.903,15.481,0.129684,0.991555,-30.061843557,-51.175756101,31.6237
-0.020477,0.033569,0.927218,0.372451,0.043676,0.001065,-0.417584,1.618547,1.02035,11.028038,-0.903,15.481,0.090147,0.995928,-30.06184359,-51.175756027,31.635
-0.023767,0.031018,0.914159,0.403469,-0.022371,0.011718,-0.396279,0.422152,-1.207174,10.036431,-0.903,15.481,0.049705,0.998764,-30.061843648,-51.175756038,31.6476
-0.026117,0.03028,0.9058,0.421832,0.077764,0.014914,-0.04048,-0.147304,-3.973615,10.929237,-0.898,15.481,0.023713,0.999719,-30.061843676,-51.175756036,31.647
-0.026721,0.030951,0.90664,0.419885,0.024501,-0.008522,-0.024501,-0.853285,-0.255087,10.115472,-0.882,15.481,0.022183,0.999754,-30.061843677,-51.175756018,31.6521
-0.02699,0.032965,0.90721,0.418475,-0.002131,-0.01811,-0.014914,-0.402391,1.794594,9.968168,-0.853,15.483,0.021418,0.999771,-30.061843721,-51.175756027,31.6432
-0.026755,0.035684,0.907781,0.417099,0.103331,-0.015979,-0.01811,-0.637718,2.049681,10.370559,-0.813,15.484,0.021418,0.999771,-30.061843732,-51.175756028,31.6466
-0.025681,0.036859,0.908486,0.415454,0.023436,-0.079895,-0.066046,-3.993375,0.941308,11.065762,-0.76,15.487,0.022183,0.999754,-30.061843683,-51.175756036,31.6471
-0.022626,0.038705,0.910399,0.411257,-0.011718,-0.044741,-0.107592,-1.785612,3.089791,11.05678,-0.619,15.492,0.021418,0.999771,-30.06184377,-51.17575609,31.6497
-0.022324,0.035953,0.911037,0.410116,-0.094809,-0.059655,0.005326,-0.75628,0.578438,9.605297,-0.532,15.496,0.019889,0.999802,-30.061843782,-51.175756142,31.6463
-0.024203,0.027393,0.911843,0.408841,-0.028762,-0.011718,0.033023,-0.098801,0.32335,10.163975,-0.432,15.5,0.019889,0.999802,-30.061843784,-51.175756165,31.6429
-0.025513,0.023029,0.912078,0.407498,0.033023,-0.024501,-0.049002,0.0,0.912566,8.486146,-0.322,15.504,0.019889,0.999802,-30.061843813,-51.175756177,31.6495
-0.025949,0.021585,0.913152,0.406256,0.010653,-0.010653,-0.022371,-0.226345,0.481433,9.614279,-0.213,15.508,0.019889,0.999802,-30.061843918,-51.175756194,31.6523
-0.027795,0.019101,0.91426,0.403671,0.011718,-0.01811,-0.010653,-1.77663,0.176046,9.908887,-0.103,15.513,0.019889,0.999802,-30.061844115,-51.175756173,31.6513
-0.0284,0.020746,0.914629,0.402798,-0.037284,0.014914,0.022371,2.491593,-0.538917,11.566955,0.006,15.517,0.019889,0.999802,-30.061844376,-51.175756192,31.6547
-0.027628,0.021719,0.915133,0.401623,0.045806,0.116114,0.043676,4.974204,0.686221,11.155582,0.116,15.521,0.019889,0.999802,-30.06184468,-51.175756193,31.6573
-0.026688,0.023431,0.915368,0.401052,-0.025566,0.011718,-0.024501,1.844893,2.304768,10.595108,0.226,15.526,0.019889,0.999802,-30.061845155,-51.175756105,31.6453
-0.032059,0.016415,0.917248,0.396688,0.072438,-0.051133,-0.072438,-0.765262,-6.269401,11.085523,0.446,15.534,0.019889,0.999802,-30.061846377,-51.175756042,31.6596
-0.034241,0.012454,0.917919,0.395077,-0.041545,0.024501,-0.036219,1.119151,0.079041,9.172367,0.556,15.539,0.019889,0.999802,-30.061847274,-51.175755993,31.6593
-0.034845,0.010339,0.918355,0.39407,0.013848,0.007457,-0.009587,0.039521,-0.901788,9.732841,0.665,15.543,0.019889,0.999802,-30.061848212,-51.175755998,31.6352
-0.030179,0.014603,0.918792,0.393331,-0.063916,0.027697,0.029827,1.07963,1.922137,9.055602,0.775,15.547,0.019889,0.999802,-30.061849142,-51.175756075,31.6484
-0.035013,0.013126,0.919665,0.390914,-0.082025,-0.007457,0.046872,2.865242,0.932326,9.662782,0.885,15.552,0.019889,0.999802,-30.06185009,-51.175756017,31.653
-0.034879,0.01477,0.920504,0.3889,0.157659,0.001065,0.015979,-0.813765,-2.471833,9.6538,0.994,15.556,0.019889,0.999802,-30.061851033,-51.175755965,31.6481
-0.034979,0.017187,0.921007,0.387558,0.041545,0.035154,0.031958,-0.628736,-0.373649,9.565777,1.104,15.56,0.019889,0.999802,-30.061852001,-51.175756053,31.6633
-0.034946,0.016415,0.921645,0.386148,-0.002131,-0.014914,-0.009587,-0.28383,-1.147893,9.889127,1.214,15.564,0.019889,0.999802,-30.061852918,-51.17575603,31.6475
-0.035953,0.015005,0.922283,0.384536,-0.110788,0.086286,0.042611,2.216745,0.952087,10.056191,1.324,15.569,0.019889,0.999802,-30.061853755,-51.175756084,31.6466
-0.037161,0.014603,0.923021,0.38269,0.001065,0.01811,-0.017044,0.666461,-0.039521,10.203495,1.433,15.573,0.019889,0.999802,-30.061854728,-51.175756096,31.6452
-0.039343,0.012488,0.923626,0.381079,0.003196,0.034088,-0.017044,1.402981,0.068263,10.605887,1.543,15.577,0.019889,0.999802,-30.061855687,-51.17575614,31.6433
-0.042096,0.012219,0.923995,0.379535,-0.003196,-0.011718,-0.002131,1.108373,-1.176635,9.889127,1.653,15.582,0.019889,0.999802,-30.06185662,-51.175756185,31.6513
-0.042767,0.01138,0.924834,0.377789,-0.027697,0.01811,0.005326,-1.932916,-1.187414,9.231648,1.763,15.586,0.019889,0.999802,-30.061857562,-51.175756186,31.6438
-0.044849,0.009265,0.925506,0.375943,0.005326,-0.035154,-0.02024,-0.206585,-0.118562,9.486736,1.872,15.59,0.019889,0.999802,-30.061858391,-51.175756138,31.6481
-0.048608,0.008057,0.926143,0.373928,-0.027697,0.027697,-0.003196,0.991607,-0.883824,9.860385,1.982,15.595,0.019124,0.999817,-30.061859435,-51.175756236,31.6317
-0.049213,0.00564,0.926446,0.37319,0.051133,-0.046872,-0.034088,-1.000589,-1.638308,10.124454,2.092,15.599,0.019889,0.999802,-30.061860236,-51.175756234,31.6597
-0.049448,0.008157,0.926681,0.371646,0.158725,0.109722,0.127832,0.147304,-1.334718,8.741234,2.202,15.603,0.019124,0.999817,-30.06186123,-51.175756213,31.6367
-0.049347,0.012219,0.927721,0.369632,0.03835,0.005326,-0.010653,-0.971847,0.314368,9.99691,2.312,15.608,0.019889,0.999802,-30.061862084,-51.175756268,31.6434
-0.049448,0.013965,0.928527,0.367685,-0.005326,-0.008522,0.008522,0.578438,-0.088023,11.096301,2.421,15.612,0.019889,0.999802,-30.061863061,-51.175756286,31.6425
-0.053207,0.017053,0.929232,0.364865,0.001065,-0.019175,-0.024501,-1.805372,-0.402391,9.63404,2.641,15.621,0.019889,0.999802,-30.061864945,-51.175756378,31.6384
-0.052167,0.017859,0.929702,0.363858,0.001065,-0.005326,-0.028762,-0.264069,-1.167653,9.387934,2.75,15.625,0.019889,0.999802,-30.06186589,-51.175756401,31.6285
-0.055994,0.01655,0.930877,0.360669,-0.031958,0.03835,0.037284,0.725742,0.657479,10.634629,2.861,15.629,0.019124,0.999817,-30.061866813,-51.175756527,31.6522
-0.057034,0.01571,0.931917,0.357849,0.140615,0.037284,0.015979,-1.462261,-3.80655,10.172957,2.97,15.634,0.019889,0.999802,-30.061867731,-51.17575657,31.6408
-0.056799,0.015408,0.933025,0.354995,0.031958,-0.003196,0.017044,-0.932326,-2.315547,10.065173,3.08,15.638,0.019889,0.999802,-30.06186875,-51.175756585,31.6322
-0.055188,0.015442,0.933697,0.353451,0.0,-0.007457,-0.01811,0.226345,0.422152,10.340021,3.19,15.642,0.019889,0.999802,-30.061869615,-51.175756672,31.6368
-0.054047,0.014536,0.934334,0.352008,-0.067112,0.019175,0.001065,0.431134,3.619726,10.478343,3.299,15.647,0.019889,0.999802,-30.061870495,-51.175756757,31.6419
-0.054483,0.013931,0.935241,0.34949,0.01811,0.034088,-0.011718,0.598198,0.666461,11.606476,3.409,15.651,0.019889,0.999802,-30.061871472,-51.175756727,31.6369
-0.054315,0.012689,0.935677,0.348449,0.023436,0.027697,0.035154,1.530524,-0.490414,10.625647,3.519,15.655,0.019889,0.999802,-30.061872347,-51.175756855,31.6443
-0.055289,0.014871,0.936986,0.344287,-0.009587,-0.025566,-0.029827,-2.777219,5.464618,11.626236,3.738,15.664,0.019889,0.999802,-30.061874149,-51.175756923,31.6205
-0.05455,0.01373,0.93796,0.342138,-0.092678,0.024501,0.052198,1.501782,0.73652,9.97715,3.848,15.668,0.019889,0.999802,-30.061875072,-51.175757013,31.6248
-0.053912,0.011548,0.938564,0.340326,0.010653,-0.005326,-0.001065,0.147304,-0.510175,9.810086,3.958,15.672,0.019889,0.999802,-30.061876052,-51.175757101,31.622
-0.053778,0.013361,0.939068,0.338916,0.02024,-0.087352,-0.005326,0.079041,-0.461672,8.466386,4.068,15.677,0.019889,0.999802,-30.061876914,-51.175757193,31.6327
-0.051126,0.014938,0.939806,0.337539,-0.077764,-0.082025,-0.074569,-3.492182,2.276026,11.243605,4.178,15.681,0.019889,0.999802,-30.061877857,-51.175757267,31.6462
-0.048675,0.016147,0.940545,0.335727,-0.031958,-0.041545,0.001065,-1.04011,1.088612,10.359781,4.287,15.686,0.019889,0.999802,-30.061878867,-51.175757135,31.629
-0.048373,0.015475,0.94135,0.333578,0.029827,-0.007457,-0.019175,-0.873046,0.6467,9.585537,4.397,15.69,0.019889,0.999802,-30.061879786,-51.175757237,31.6445
-0.047433,0.01571,0.94172,0.332705,0.028762,0.023436,0.025566,0.32335,0.391613,9.968168,4.507,15.694,0.019889,0.999802,-30.061880664,-51.175757331,31.6407
-0.047165,0.019806,0.941955,0.331833,-0.001065,0.059655,-0.015979,2.786201,0.589216,10.036431,4.617,15.698,0.019889,0.999802,-30.061881634,-51.175757318,31.6289
-0.04834,0.019638,0.942693,0.32955,-0.04048,0.026632,-0.013848,1.462261,-0.353889,10.203495,4.836,15.707,0.019889,0.999802,-30.061883487,-51.175757386,31.6352
-0.051965,0.013931,0.942962,0.327368,-0.076699,0.002131,0.082025,0.774244,3.061049,9.290929,4.946,15.711,0.019124,0.999817,-30.061884391,-51.175757485,31.6555
-0.052435,0.011279,0.944472,0.324682,0.007457,0.014914,0.024501,1.717349,-2.933505,10.850196,5.056,15.716,0.019889,0.999802,-30.061885376,-51.17575742,31.6427
-0.051898,0.01477,0.944741,0.32297,0.070308,-0.005326,-0.015979,0.176046,-1.579027,10.28074,5.161,15.72,0.019889,0.999802,-30.06188627,-51.175757483,31.6379
-0.051831,0.017154,0.945244,0.321795,-0.022371,-0.011718,-0.0,-0.039521,0.794004,10.212477,5.254,15.723,0.019124,0.999817,-30.061887038,-51.175757643,31.632
-0.050052,0.018195,0.945647,0.320755,0.066046,-0.023436,-0.013848,-0.422152,-0.549695,10.045413,5.335,15.727,0.019124,0.999817,-30.061888,-51.175757592,31.6184
-0.050857,0.016516,0.946319,0.318774,0.005326,-0.033023,0.010653,-0.215567,-0.235327,10.045413,5.404,15.729,0.019124,0.999817,-30.061888962,-51.175757633,31.6271
-0.050992,0.015408,0.947124,0.316391,0.003196,-0.008522,-0.006392,-0.677239,0.6467,9.810086,5.461,15.731,0.019889,0.999802,-30.061889903,-51.175757651,31.6478
-0.052771,0.014737,0.94793,0.313672,-0.003196,0.0,-0.023436,-0.637718,-0.215567,10.172957,5.506,15.733,0.019889,0.999802,-30.061890773,-51.175757669,31.6618
-0.052704,0.014334,0.9484,0.312396,0.006392,-0.001065,0.003196,-0.039521,-0.079041,9.97715,5.54,15.734,0.019889,0.999802,-30.061891651,-51.175757772,31.6349
-0.052972,0.014133,0.948971,0.310516,0.006392,0.0,-0.0,-0.118562,-0.28383,10.115472,5.561,15.735,0.019889,0.999802,-30.061892652,-51.175757813,31.6313
-0.053375,0.013629,0.949642,0.308401,0.0,0.003196,0.017044,-0.039521,0.226345,10.045413,5.571,15.736,0.019889,0.999802,-30.061893587,-51.175757954,31.6381
-0.053375,0.014066,0.950145,0.306521,0.001065,-0.001065,0.003196,-0.246105,0.334129,9.97715,5.572,15.736,0.019889,0.999802,-30.061894525,-51.175758028,31.6454
-0.053409,0.014401,0.950918,0.304507,0.005326,0.0,-0.0,-0.195807,0.226345,10.124454,5.572,15.736,0.019889,0.999802,-30.061895343,-51.175758088,31.6528
-0.053342,0.014569,0.951522,0.30256,0.002131,0.001065,-0.0,-0.118562,-0.028742,10.243016,5.572,15.736,0.019889,0.999802,-30.061896034,-51.175758052,31.6527
-0.053342,0.014871,0.95216,0.30058,0.002131,0.001065,-0.0,-0.176046,-0.01976,10.135232,5.572,15.736,0.019889,0.999802,-30.061896723,-51.175758052,31.64
-0.053442,0.015073,0.952797,0.298532,0.003196,-0.001065,-0.001065,-0.147304,0.01976,10.036431,5.572,15.736,0.019889,0.999802,-30.06189717,-51.17575815,31.6414
-0.053476,0.015274,0.953402,0.296585,0.001065,0.001065,0.001065,-0.147304,0.059281,10.016671,5.572,15.736,0.019889,0.999802,-30.061897656,-51.175758142,31.6463
-0.053509,0.015475,0.953972,0.294671,0.001065,0.001065,0.001065,-0.098801,0.059281,9.987928,5.572,15.736,0.019889,0.999802,-30.061897977,-51.17575822,31.6522
-0.053375,0.015945,0.955013,0.291247,0.001065,0.001065,0.001065,-0.147304,-0.136526,10.223255,5.572,15.736,0.019889,0.999802,-30.061898339,-51.17575825,31.6554
-0.053241,0.016214,0.955617,0.289334,0.002131,0.0,0.001065,-0.098801,0.246105,10.095712,5.572,15.736,0.019889,0.999802,-30.061898393,-51.175758238,31.6523
-0.053308,0.016415,0.956188,0.287353,0.003196,0.0,-0.0,-0.088023,0.059281,10.153196,5.572,15.736,0.019889,0.999802,-30.061898338,-51.175758304,31.6588
-0.053375,0.016617,0.956792,0.285339,0.001065,0.001065,-0.0,-0.176046,0.079041,10.056191,5.572,15.736,0.019889,0.999802,-30.061898383,-51.175758253,31.6489
-0.053442,0.016785,0.957262,0.283325,0.002131,-0.001065,-0.0,-0.127544,0.088023,10.124454,5.572,15.736,0.019889,0.999802,-30.061898414,-51.175758211,31.6403
-0.053107,0.017288,0.957799,0.281344,0.002131,0.0,0.001065,-0.156286,0.176046,10.163975,5.572,15.736,0.019889,0.999802,-30.061898373,-51.175758269,31.6444
-0.053006,0.017523,0.958437,0.279565,0.002131,0.0,0.001065,-0.226345,-0.079041,10.016671,5.572,15.736,0.019889,0.999802,-30.06189838,-51.175758271,31.6413
-0.053039,0.017725,0.959075,0.277618,0.002131,0.0,-0.0,-0.107783,0.107783,10.084933,5.572,15.736,0.019889,0.999802,-30.06189841,-51.175758235,31.6399
